t_s,altitude_m,commanded_m
0.0000,0.0000,2.0000
0.0025,0.0001,2.0000
0.0050,0.0001,2.0000
0.0075,0.0002,2.0000
0.0100,0.0003,2.0000
0.0125,0.0004,2.0000
0.0150,0.0006,2.0000
0.0175,0.0007,2.0000
0.0200,0.0009,2.0000
0.0225,0.0011,2.0000
0.0250,0.0013,2.0000
0.0275,0.0016,2.0000
0.0300,0.0018,2.0000
0.0325,0.0021,2.0000
0.0350,0.0024,2.0000
0.0375,0.0028,2.0000
0.0400,0.0031,2.0000
0.0425,0.0035,2.0000
0.0450,0.0039,2.0000
0.0475,0.0043,2.0000
0.0500,0.0047,2.0000
0.0525,0.0052,2.0000
0.0550,0.0056,2.0000
0.0575,0.0061,2.0000
0.0600,0.0066,2.0000
0.0625,0.0072,2.0000
0.0650,0.0077,2.0000
0.0675,0.0083,2.0000
0.0700,0.0089,2.0000
0.0725,0.0095,2.0000
0.0750,0.0102,2.0000
0.0775,0.0108,2.0000
0.0800,0.0115,2.0000
0.0825,0.0122,2.0000
0.0850,0.0129,2.0000
0.0875,0.0137,2.0000
0.0900,0.0144,2.0000
0.0925,0.0152,2.0000
0.0950,0.0160,2.0000
0.0975,0.0169,2.0000
0.1000,0.0177,2.0000
0.1025,0.0186,2.0000
0.1050,0.0195,2.0000
0.1075,0.0204,2.0000
0.1100,0.0213,2.0000
0.1125,0.0223,2.0000
0.1150,0.0233,2.0000
0.1175,0.0243,2.0000
0.1200,0.0253,2.0000
0.1225,0.0263,2.0000
0.1250,0.0274,2.0000
0.1275,0.0285,2.0000
0.1300,0.0296,2.0000
0.1325,0.0307,2.0000
0.1350,0.0319,2.0000
0.1375,0.0330,2.0000
0.1400,0.0342,2.0000
0.1425,0.0354,2.0000
0.1450,0.0367,2.0000
0.1475,0.0379,2.0000
0.1500,0.0392,2.0000
0.1525,0.0405,2.0000
0.1550,0.0418,2.0000
0.1575,0.0432,2.0000
0.1600,0.0445,2.0000
0.1625,0.0459,2.0000
0.1650,0.0473,2.0000
0.1675,0.0487,2.0000
0.1700,0.0502,2.0000
0.1725,0.0516,2.0000
0.1750,0.0531,2.0000
0.1775,0.0546,2.0000
0.1800,0.0561,2.0000
0.1825,0.0577,2.0000
0.1850,0.0592,2.0000
0.1875,0.0608,2.0000
0.1900,0.0624,2.0000
0.1925,0.0641,2.0000
0.1950,0.0657,2.0000
0.1975,0.0673,2.0000
0.2000,0.0690,2.0000
0.2025,0.0707,2.0000
0.2050,0.0724,2.0000
0.2075,0.0742,2.0000
0.2100,0.0759,2.0000
0.2125,0.0777,2.0000
0.2150,0.0795,2.0000
0.2175,0.0813,2.0000
0.2200,0.0831,2.0000
0.2225,0.0850,2.0000
0.2250,0.0868,2.0000
0.2275,0.0887,2.0000
0.2300,0.0906,2.0000
0.2325,0.0925,2.0000
0.2350,0.0945,2.0000
0.2375,0.0964,2.0000
0.2400,0.0984,2.0000
0.2425,0.1004,2.0000
0.2450,0.1024,2.0000
0.2475,0.1044,2.0000
0.2500,0.1065,2.0000
0.2525,0.1085,2.0000
0.2550,0.1106,2.0000
0.2575,0.1127,2.0000
0.2600,0.1148,2.0000
0.2625,0.1169,2.0000
0.2650,0.1191,2.0000
0.2675,0.1212,2.0000
0.2700,0.1234,2.0000
0.2725,0.1256,2.0000
0.2750,0.1278,2.0000
0.2775,0.1300,2.0000
0.2800,0.1323,2.0000
0.2825,0.1345,2.0000
0.2850,0.1368,2.0000
0.2875,0.1391,2.0000
0.2900,0.1414,2.0000
0.2925,0.1437,2.0000
0.2950,0.1461,2.0000
0.2975,0.1484,2.0000
0.3000,0.1508,2.0000
0.3025,0.1532,2.0000
0.3050,0.1556,2.0000
0.3075,0.1580,2.0000
0.3100,0.1604,2.0000
0.3125,0.1629,2.0000
0.3150,0.1653,2.0000
0.3175,0.1678,2.0000
0.3200,0.1703,2.0000
0.3225,0.1728,2.0000
0.3250,0.1754,2.0000
0.3275,0.1779,2.0000
0.3300,0.1804,2.0000
0.3325,0.1830,2.0000
0.3350,0.1856,2.0000
0.3375,0.1882,2.0000
0.3400,0.1908,2.0000
0.3425,0.1934,2.0000
0.3450,0.1961,2.0000
0.3475,0.1987,2.0000
0.3500,0.2014,2.0000
0.3525,0.2041,2.0000
0.3550,0.2068,2.0000
0.3575,0.2095,2.0000
0.3600,0.2122,2.0000
0.3625,0.2149,2.0000
0.3650,0.2177,2.0000
0.3675,0.2204,2.0000
0.3700,0.2232,2.0000
0.3725,0.2260,2.0000
0.3750,0.2288,2.0000
0.3775,0.2316,2.0000
0.3800,0.2345,2.0000
0.3825,0.2373,2.0000
0.3850,0.2402,2.0000
0.3875,0.2430,2.0000
0.3900,0.2459,2.0000
0.3925,0.2488,2.0000
0.3950,0.2517,2.0000
0.3975,0.2546,2.0000
0.4000,0.2576,2.0000
0.4025,0.2605,2.0000
0.4050,0.2635,2.0000
0.4075,0.2664,2.0000
0.4100,0.2694,2.0000
0.4125,0.2724,2.0000
0.4150,0.2754,2.0000
0.4175,0.2784,2.0000
0.4200,0.2815,2.0000
0.4225,0.2845,2.0000
0.4250,0.2876,2.0000
0.4275,0.2906,2.0000
0.4300,0.2937,2.0000
0.4325,0.2968,2.0000
0.4350,0.2999,2.0000
0.4375,0.3030,2.0000
0.4400,0.3061,2.0000
0.4425,0.3092,2.0000
0.4450,0.3124,2.0000
0.4475,0.3155,2.0000
0.4500,0.3187,2.0000
0.4525,0.3219,2.0000
0.4550,0.3251,2.0000
0.4575,0.3283,2.0000
0.4600,0.3315,2.0000
0.4625,0.3347,2.0000
0.4650,0.3379,2.0000
0.4675,0.3412,2.0000
0.4700,0.3444,2.0000
0.4725,0.3477,2.0000
0.4750,0.3510,2.0000
0.4775,0.3543,2.0000
0.4800,0.3575,2.0000
0.4825,0.3608,2.0000
0.4850,0.3642,2.0000
0.4875,0.3675,2.0000
0.4900,0.3708,2.0000
0.4925,0.3742,2.0000
0.4950,0.3775,2.0000
0.4975,0.3809,2.0000
0.5000,0.3842,2.0000
0.5025,0.3876,2.0000
0.5050,0.3910,2.0000
0.5075,0.3944,2.0000
0.5100,0.3978,2.0000
0.5125,0.4012,2.0000
0.5150,0.4047,2.0000
0.5175,0.4081,2.0000
0.5200,0.4116,2.0000
0.5225,0.4150,2.0000
0.5250,0.4185,2.0000
0.5275,0.4219,2.0000
0.5300,0.4254,2.0000
0.5325,0.4289,2.0000
0.5350,0.4324,2.0000
0.5375,0.4359,2.0000
0.5400,0.4394,2.0000
0.5425,0.4430,2.0000
0.5450,0.4465,2.0000
0.5475,0.4500,2.0000
0.5500,0.4536,2.0000
0.5525,0.4572,2.0000
0.5550,0.4607,2.0000
0.5575,0.4643,2.0000
0.5600,0.4679,2.0000
0.5625,0.4715,2.0000
0.5650,0.4751,2.0000
0.5675,0.4787,2.0000
0.5700,0.4823,2.0000
0.5725,0.4859,2.0000
0.5750,0.4895,2.0000
0.5775,0.4932,2.0000
0.5800,0.4968,2.0000
0.5825,0.5005,2.0000
0.5850,0.5041,2.0000
0.5875,0.5078,2.0000
0.5900,0.5115,2.0000
0.5925,0.5151,2.0000
0.5950,0.5188,2.0000
0.5975,0.5225,2.0000
0.6000,0.5262,2.0000
0.6025,0.5299,2.0000
0.6050,0.5336,2.0000
0.6075,0.5374,2.0000
0.6100,0.5411,2.0000
0.6125,0.5448,2.0000
0.6150,0.5486,2.0000
0.6175,0.5523,2.0000
0.6200,0.5561,2.0000
0.6225,0.5598,2.0000
0.6250,0.5636,2.0000
0.6275,0.5674,2.0000
0.6300,0.5712,2.0000
0.6325,0.5749,2.0000
0.6350,0.5787,2.0000
0.6375,0.5825,2.0000
0.6400,0.5863,2.0000
0.6425,0.5902,2.0000
0.6450,0.5940,2.0000
0.6475,0.5978,2.0000
0.6500,0.6016,2.0000
0.6525,0.6055,2.0000
0.6550,0.6093,2.0000
0.6575,0.6131,2.0000
0.6600,0.6170,2.0000
0.6625,0.6208,2.0000
0.6650,0.6247,2.0000
0.6675,0.6286,2.0000
0.6700,0.6324,2.0000
0.6725,0.6363,2.0000
0.6750,0.6402,2.0000
0.6775,0.6441,2.0000
0.6800,0.6480,2.0000
0.6825,0.6519,2.0000
0.6850,0.6558,2.0000
0.6875,0.6597,2.0000
0.6900,0.6636,2.0000
0.6925,0.6675,2.0000
0.6950,0.6714,2.0000
0.6975,0.6753,2.0000
0.7000,0.6793,2.0000
0.7025,0.6832,2.0000
0.7050,0.6871,2.0000
0.7075,0.6911,2.0000
0.7100,0.6950,2.0000
0.7125,0.6990,2.0000
0.7150,0.7029,2.0000
0.7175,0.7069,2.0000
0.7200,0.7108,2.0000
0.7225,0.7148,2.0000
0.7250,0.7188,2.0000
0.7275,0.7228,2.0000
0.7300,0.7267,2.0000
0.7325,0.7307,2.0000
0.7350,0.7347,2.0000
0.7375,0.7387,2.0000
0.7400,0.7427,2.0000
0.7425,0.7467,2.0000
0.7450,0.7506,2.0000
0.7475,0.7546,2.0000
0.7500,0.7586,2.0000
0.7525,0.7626,2.0000
0.7550,0.7667,2.0000
0.7575,0.7707,2.0000
0.7600,0.7747,2.0000
0.7625,0.7787,2.0000
0.7650,0.7827,2.0000
0.7675,0.7867,2.0000
0.7700,0.7907,2.0000
0.7725,0.7948,2.0000
0.7750,0.7988,2.0000
0.7775,0.8028,2.0000
0.7800,0.8069,2.0000
0.7825,0.8109,2.0000
0.7850,0.8149,2.0000
0.7875,0.8190,2.0000
0.7900,0.8230,2.0000
0.7925,0.8270,2.0000
0.7950,0.8311,2.0000
0.7975,0.8351,2.0000
0.8000,0.8392,2.0000
0.8025,0.8432,2.0000
0.8050,0.8473,2.0000
0.8075,0.8513,2.0000
0.8100,0.8553,2.0000
0.8125,0.8594,2.0000
0.8150,0.8635,2.0000
0.8175,0.8675,2.0000
0.8200,0.8716,2.0000
0.8225,0.8756,2.0000
0.8250,0.8797,2.0000
0.8275,0.8837,2.0000
0.8300,0.8878,2.0000
0.8325,0.8918,2.0000
0.8350,0.8959,2.0000
0.8375,0.9000,2.0000
0.8400,0.9040,2.0000
0.8425,0.9081,2.0000
0.8450,0.9121,2.0000
0.8475,0.9162,2.0000
0.8500,0.9203,2.0000
0.8525,0.9243,2.0000
0.8550,0.9284,2.0000
0.8575,0.9324,2.0000
0.8600,0.9365,2.0000
0.8625,0.9405,2.0000
0.8650,0.9446,2.0000
0.8675,0.9487,2.0000
0.8700,0.9527,2.0000
0.8725,0.9568,2.0000
0.8750,0.9608,2.0000
0.8775,0.9649,2.0000
0.8800,0.9689,2.0000
0.8825,0.9730,2.0000
0.8850,0.9771,2.0000
0.8875,0.9811,2.0000
0.8900,0.9852,2.0000
0.8925,0.9892,2.0000
0.8950,0.9933,2.0000
0.8975,0.9973,2.0000
0.9000,1.0013,2.0000
0.9025,1.0054,2.0000
0.9050,1.0094,2.0000
0.9075,1.0135,2.0000
0.9100,1.0175,2.0000
0.9125,1.0215,2.0000
0.9150,1.0256,2.0000
0.9175,1.0296,2.0000
0.9200,1.0337,2.0000
0.9225,1.0377,2.0000
0.9250,1.0417,2.0000
0.9275,1.0457,2.0000
0.9300,1.0498,2.0000
0.9325,1.0538,2.0000
0.9350,1.0578,2.0000
0.9375,1.0618,2.0000
0.9400,1.0658,2.0000
0.9425,1.0698,2.0000
0.9450,1.0739,2.0000
0.9475,1.0779,2.0000
0.9500,1.0819,2.0000
0.9525,1.0859,2.0000
0.9550,1.0899,2.0000
0.9575,1.0939,2.0000
0.9600,1.0978,2.0000
0.9625,1.1018,2.0000
0.9650,1.1058,2.0000
0.9675,1.1098,2.0000
0.9700,1.1138,2.0000
0.9725,1.1178,2.0000
0.9750,1.1217,2.0000
0.9775,1.1257,2.0000
0.9800,1.1297,2.0000
0.9825,1.1336,2.0000
0.9850,1.1376,2.0000
0.9875,1.1415,2.0000
0.9900,1.1455,2.0000
0.9925,1.1494,2.0000
0.9950,1.1534,2.0000
0.9975,1.1573,2.0000
1.0000,1.1612,2.0000
1.0025,1.1652,2.0000
1.0050,1.1691,2.0000
1.0075,1.1730,2.0000
1.0100,1.1769,2.0000
1.0125,1.1808,2.0000
1.0150,1.1848,2.0000
1.0175,1.1887,2.0000
1.0200,1.1926,2.0000
1.0225,1.1964,2.0000
1.0250,1.2003,2.0000
1.0275,1.2042,2.0000
1.0300,1.2081,2.0000
1.0325,1.2120,2.0000
1.0350,1.2158,2.0000
1.0375,1.2197,2.0000
1.0400,1.2236,2.0000
1.0425,1.2274,2.0000
1.0450,1.2313,2.0000
1.0475,1.2351,2.0000
1.0500,1.2389,2.0000
1.0525,1.2428,2.0000
1.0550,1.2466,2.0000
1.0575,1.2504,2.0000
1.0600,1.2542,2.0000
1.0625,1.2580,2.0000
1.0650,1.2618,2.0000
1.0675,1.2656,2.0000
1.0700,1.2694,2.0000
1.0725,1.2732,2.0000
1.0750,1.2770,2.0000
1.0775,1.2808,2.0000
1.0800,1.2845,2.0000
1.0825,1.2883,2.0000
1.0850,1.2921,2.0000
1.0875,1.2958,2.0000
1.0900,1.2995,2.0000
1.0925,1.3033,2.0000
1.0950,1.3070,2.0000
1.0975,1.3107,2.0000
1.1000,1.3144,2.0000
1.1025,1.3182,2.0000
1.1050,1.3219,2.0000
1.1075,1.3255,2.0000
1.1100,1.3292,2.0000
1.1125,1.3329,2.0000
1.1150,1.3366,2.0000
1.1175,1.3403,2.0000
1.1200,1.3439,2.0000
1.1225,1.3476,2.0000
1.1250,1.3512,2.0000
1.1275,1.3549,2.0000
1.1300,1.3585,2.0000
1.1325,1.3621,2.0000
1.1350,1.3657,2.0000
1.1375,1.3693,2.0000
1.1400,1.3729,2.0000
1.1425,1.3765,2.0000
1.1450,1.3801,2.0000
1.1475,1.3837,2.0000
1.1500,1.3873,2.0000
1.1525,1.3908,2.0000
1.1550,1.3944,2.0000
1.1575,1.3979,2.0000
1.1600,1.4015,2.0000
1.1625,1.4050,2.0000
1.1650,1.4085,2.0000
1.1675,1.4120,2.0000
1.1700,1.4155,2.0000
1.1725,1.4190,2.0000
1.1750,1.4225,2.0000
1.1775,1.4260,2.0000
1.1800,1.4295,2.0000
1.1825,1.4329,2.0000
1.1850,1.4364,2.0000
1.1875,1.4398,2.0000
1.1900,1.4433,2.0000
1.1925,1.4467,2.0000
1.1950,1.4501,2.0000
1.1975,1.4535,2.0000
1.2000,1.4569,2.0000
1.2025,1.4603,2.0000
1.2050,1.4637,2.0000
1.2075,1.4671,2.0000
1.2100,1.4705,2.0000
1.2125,1.4738,2.0000
1.2150,1.4772,2.0000
1.2175,1.4805,2.0000
1.2200,1.4838,2.0000
1.2225,1.4872,2.0000
1.2250,1.4905,2.0000
1.2275,1.4938,2.0000
1.2300,1.4971,2.0000
1.2325,1.5003,2.0000
1.2350,1.5036,2.0000
1.2375,1.5069,2.0000
1.2400,1.5101,2.0000
1.2425,1.5134,2.0000
1.2450,1.5166,2.0000
1.2475,1.5198,2.0000
1.2500,1.5231,2.0000
1.2525,1.5263,2.0000
1.2550,1.5295,2.0000
1.2575,1.5327,2.0000
1.2600,1.5358,2.0000
1.2625,1.5390,2.0000
1.2650,1.5422,2.0000
1.2675,1.5453,2.0000
1.2700,1.5484,2.0000
1.2725,1.5516,2.0000
1.2750,1.5547,2.0000
1.2775,1.5578,2.0000
1.2800,1.5609,2.0000
1.2825,1.5640,2.0000
1.2850,1.5670,2.0000
1.2875,1.5701,2.0000
1.2900,1.5732,2.0000
1.2925,1.5762,2.0000
1.2950,1.5792,2.0000
1.2975,1.5823,2.0000
1.3000,1.5853,2.0000
1.3025,1.5883,2.0000
1.3050,1.5913,2.0000
1.3075,1.5943,2.0000
1.3100,1.5972,2.0000
1.3125,1.6002,2.0000
1.3150,1.6031,2.0000
1.3175,1.6061,2.0000
1.3200,1.6090,2.0000
1.3225,1.6119,2.0000
1.3250,1.6148,2.0000
1.3275,1.6177,2.0000
1.3300,1.6206,2.0000
1.3325,1.6235,2.0000
1.3350,1.6263,2.0000
1.3375,1.6292,2.0000
1.3400,1.6320,2.0000
1.3425,1.6348,2.0000
1.3450,1.6377,2.0000
1.3475,1.6405,2.0000
1.3500,1.6433,2.0000
1.3525,1.6460,2.0000
1.3550,1.6488,2.0000
1.3575,1.6516,2.0000
1.3600,1.6543,2.0000
1.3625,1.6571,2.0000
1.3650,1.6598,2.0000
1.3675,1.6625,2.0000
1.3700,1.6652,2.0000
1.3725,1.6679,2.0000
1.3750,1.6706,2.0000
1.3775,1.6733,2.0000
1.3800,1.6759,2.0000
1.3825,1.6786,2.0000
1.3850,1.6812,2.0000
1.3875,1.6838,2.0000
1.3900,1.6864,2.0000
1.3925,1.6890,2.0000
1.3950,1.6916,2.0000
1.3975,1.6942,2.0000
1.4000,1.6968,2.0000
1.4025,1.6993,2.0000
1.4050,1.7018,2.0000
1.4075,1.7044,2.0000
1.4100,1.7069,2.0000
1.4125,1.7094,2.0000
1.4150,1.7119,2.0000
1.4175,1.7144,2.0000
1.4200,1.7168,2.0000
1.4225,1.7193,2.0000
1.4250,1.7217,2.0000
1.4275,1.7242,2.0000
1.4300,1.7266,2.0000
1.4325,1.7290,2.0000
1.4350,1.7314,2.0000
1.4375,1.7338,2.0000
1.4400,1.7362,2.0000
1.4425,1.7385,2.0000
1.4450,1.7409,2.0000
1.4475,1.7432,2.0000
1.4500,1.7455,2.0000
1.4525,1.7479,2.0000
1.4550,1.7502,2.0000
1.4575,1.7525,2.0000
1.4600,1.7547,2.0000
1.4625,1.7570,2.0000
1.4650,1.7593,2.0000
1.4675,1.7615,2.0000
1.4700,1.7637,2.0000
1.4725,1.7660,2.0000
1.4750,1.7682,2.0000
1.4775,1.7704,2.0000
1.4800,1.7726,2.0000
1.4825,1.7747,2.0000
1.4850,1.7769,2.0000
1.4875,1.7791,2.0000
1.4900,1.7812,2.0000
1.4925,1.7833,2.0000
1.4950,1.7855,2.0000
1.4975,1.7876,2.0000
1.5000,1.7897,2.0000
1.5025,1.7917,2.0000
1.5050,1.7938,2.0000
1.5075,1.7959,2.0000
1.5100,1.7979,2.0000
1.5125,1.8000,2.0000
1.5150,1.8020,2.0000
1.5175,1.8040,2.0000
1.5200,1.8060,2.0000
1.5225,1.8080,2.0000
1.5250,1.8100,2.0000
1.5275,1.8120,2.0000
1.5300,1.8140,2.0000
1.5325,1.8159,2.0000
1.5350,1.8179,2.0000
1.5375,1.8198,2.0000
1.5400,1.8217,2.0000
1.5425,1.8236,2.0000
1.5450,1.8255,2.0000
1.5475,1.8274,2.0000
1.5500,1.8293,2.0000
1.5525,1.8312,2.0000
1.5550,1.8330,2.0000
1.5575,1.8349,2.0000
1.5600,1.8367,2.0000
1.5625,1.8385,2.0000
1.5650,1.8403,2.0000
1.5675,1.8421,2.0000
1.5700,1.8439,2.0000
1.5725,1.8457,2.0000
1.5750,1.8475,2.0000
1.5775,1.8493,2.0000
1.5800,1.8510,2.0000
1.5825,1.8527,2.0000
1.5850,1.8545,2.0000
1.5875,1.8562,2.0000
1.5900,1.8579,2.0000
1.5925,1.8596,2.0000
1.5950,1.8613,2.0000
1.5975,1.8630,2.0000
1.6000,1.8646,2.0000
1.6025,1.8663,2.0000
1.6050,1.8679,2.0000
1.6075,1.8696,2.0000
1.6100,1.8712,2.0000
1.6125,1.8728,2.0000
1.6150,1.8744,2.0000
1.6175,1.8760,2.0000
1.6200,1.8776,2.0000
1.6225,1.8792,2.0000
1.6250,1.8808,2.0000
1.6275,1.8823,2.0000
1.6300,1.8839,2.0000
1.6325,1.8854,2.0000
1.6350,1.8869,2.0000
1.6375,1.8884,2.0000
1.6400,1.8900,2.0000
1.6425,1.8914,2.0000
1.6450,1.8929,2.0000
1.6475,1.8944,2.0000
1.6500,1.8959,2.0000
1.6525,1.8973,2.0000
1.6550,1.8988,2.0000
1.6575,1.9002,2.0000
1.6600,1.9017,2.0000
1.6625,1.9031,2.0000
1.6650,1.9045,2.0000
1.6675,1.9059,2.0000
1.6700,1.9073,2.0000
1.6725,1.9087,2.0000
1.6750,1.9100,2.0000
1.6775,1.9114,2.0000
1.6800,1.9127,2.0000
1.6825,1.9141,2.0000
1.6850,1.9154,2.0000
1.6875,1.9167,2.0000
1.6900,1.9181,2.0000
1.6925,1.9194,2.0000
1.6950,1.9207,2.0000
1.6975,1.9219,2.0000
1.7000,1.9232,2.0000
1.7025,1.9245,2.0000
1.7050,1.9257,2.0000
1.7075,1.9270,2.0000
1.7100,1.9282,2.0000
1.7125,1.9295,2.0000
1.7150,1.9307,2.0000
1.7175,1.9319,2.0000
1.7200,1.9331,2.0000
1.7225,1.9343,2.0000
1.7250,1.9355,2.0000
1.7275,1.9367,2.0000
1.7300,1.9378,2.0000
1.7325,1.9390,2.0000
1.7350,1.9401,2.0000
1.7375,1.9413,2.0000
1.7400,1.9424,2.0000
1.7425,1.9435,2.0000
1.7450,1.9446,2.0000
1.7475,1.9457,2.0000
1.7500,1.9468,2.0000
1.7525,1.9479,2.0000
1.7550,1.9490,2.0000
1.7575,1.9501,2.0000
1.7600,1.9511,2.0000
1.7625,1.9522,2.0000
1.7650,1.9532,2.0000
1.7675,1.9543,2.0000
1.7700,1.9553,2.0000
1.7725,1.9563,2.0000
1.7750,1.9573,2.0000
1.7775,1.9583,2.0000
1.7800,1.9593,2.0000
1.7825,1.9603,2.0000
1.7850,1.9613,2.0000
1.7875,1.9622,2.0000
1.7900,1.9632,2.0000
1.7925,1.9641,2.0000
1.7950,1.9651,2.0000
1.7975,1.9660,2.0000
1.8000,1.9669,2.0000
1.8025,1.9679,2.0000
1.8050,1.9688,2.0000
1.8075,1.9697,2.0000
1.8100,1.9706,2.0000
1.8125,1.9714,2.0000
1.8150,1.9723,2.0000
1.8175,1.9732,2.0000
1.8200,1.9740,2.0000
1.8225,1.9749,2.0000
1.8250,1.9757,2.0000
1.8275,1.9766,2.0000
1.8300,1.9774,2.0000
1.8325,1.9782,2.0000
1.8350,1.9790,2.0000
1.8375,1.9798,2.0000
1.8400,1.9806,2.0000
1.8425,1.9814,2.0000
1.8450,1.9822,2.0000
1.8475,1.9829,2.0000
1.8500,1.9837,2.0000
1.8525,1.9845,2.0000
1.8550,1.9852,2.0000
1.8575,1.9859,2.0000
1.8600,1.9867,2.0000
1.8625,1.9874,2.0000
1.8650,1.9881,2.0000
1.8675,1.9888,2.0000
1.8700,1.9895,2.0000
1.8725,1.9902,2.0000
1.8750,1.9909,2.0000
1.8775,1.9916,2.0000
1.8800,1.9922,2.0000
1.8825,1.9929,2.0000
1.8850,1.9936,2.0000
1.8875,1.9942,2.0000
1.8900,1.9948,2.0000
1.8925,1.9955,2.0000
1.8950,1.9961,2.0000
1.8975,1.9967,2.0000
1.9000,1.9973,2.0000
1.9025,1.9979,2.0000
1.9050,1.9985,2.0000
1.9075,1.9991,2.0000
1.9100,1.9997,2.0000
1.9125,2.0003,2.0000
1.9150,2.0008,2.0000
1.9175,2.0014,2.0000
1.9200,2.0019,2.0000
1.9225,2.0025,2.0000
1.9250,2.0030,2.0000
1.9275,2.0036,2.0000
1.9300,2.0041,2.0000
1.9325,2.0046,2.0000
1.9350,2.0051,2.0000
1.9375,2.0056,2.0000
1.9400,2.0061,2.0000
1.9425,2.0066,2.0000
1.9450,2.0071,2.0000
1.9475,2.0075,2.0000
1.9500,2.0080,2.0000
1.9525,2.0085,2.0000
1.9550,2.0089,2.0000
1.9575,2.0094,2.0000
1.9600,2.0098,2.0000
1.9625,2.0102,2.0000
1.9650,2.0106,2.0000
1.9675,2.0111,2.0000
1.9700,2.0115,2.0000
1.9725,2.0119,2.0000
1.9750,2.0123,2.0000
1.9775,2.0127,2.0000
1.9800,2.0131,2.0000
1.9825,2.0134,2.0000
1.9850,2.0138,2.0000
1.9875,2.0142,2.0000
1.9900,2.0145,2.0000
1.9925,2.0149,2.0000
1.9950,2.0152,2.0000
1.9975,2.0156,2.0000
2.0000,2.0159,2.0000
2.0025,2.0162,2.0000
2.0050,2.0165,2.0000
2.0075,2.0168,2.0000
2.0100,2.0171,2.0000
2.0125,2.0174,2.0000
2.0150,2.0177,2.0000
2.0175,2.0180,2.0000
2.0200,2.0183,2.0000
2.0225,2.0186,2.0000
2.0250,2.0188,2.0000
2.0275,2.0191,2.0000
2.0300,2.0194,2.0000
2.0325,2.0196,2.0000
2.0350,2.0199,2.0000
2.0375,2.0201,2.0000
2.0400,2.0203,2.0000
2.0425,2.0205,2.0000
2.0450,2.0208,2.0000
2.0475,2.0210,2.0000
2.0500,2.0212,2.0000
2.0525,2.0214,2.0000
2.0550,2.0216,2.0000
2.0575,2.0218,2.0000
2.0600,2.0219,2.0000
2.0625,2.0221,2.0000
2.0650,2.0223,2.0000
2.0675,2.0224,2.0000
2.0700,2.0226,2.0000
2.0725,2.0228,2.0000
2.0750,2.0229,2.0000
2.0775,2.0230,2.0000
2.0800,2.0232,2.0000
2.0825,2.0233,2.0000
2.0850,2.0234,2.0000
2.0875,2.0235,2.0000
2.0900,2.0237,2.0000
2.0925,2.0238,2.0000
2.0950,2.0239,2.0000
2.0975,2.0240,2.0000
2.1000,2.0240,2.0000
2.1025,2.0241,2.0000
2.1050,2.0242,2.0000
2.1075,2.0243,2.0000
2.1100,2.0243,2.0000
2.1125,2.0244,2.0000
2.1150,2.0245,2.0000
2.1175,2.0245,2.0000
2.1200,2.0246,2.0000
2.1225,2.0246,2.0000
2.1250,2.0246,2.0000
2.1275,2.0247,2.0000
2.1300,2.0247,2.0000
2.1325,2.0247,2.0000
2.1350,2.0247,2.0000
2.1375,2.0247,2.0000
2.1400,2.0247,2.0000
2.1425,2.0247,2.0000
2.1450,2.0247,2.0000
2.1475,2.0247,2.0000
2.1500,2.0247,2.0000
2.1525,2.0246,2.0000
2.1550,2.0246,2.0000
2.1575,2.0246,2.0000
2.1600,2.0245,2.0000
2.1625,2.0245,2.0000
2.1650,2.0244,2.0000
2.1675,2.0244,2.0000
2.1700,2.0243,2.0000
2.1725,2.0242,2.0000
2.1750,2.0242,2.0000
2.1775,2.0241,2.0000
2.1800,2.0240,2.0000
2.1825,2.0239,2.0000
2.1850,2.0238,2.0000
2.1875,2.0237,2.0000
2.1900,2.0236,2.0000
2.1925,2.0235,2.0000
2.1950,2.0234,2.0000
2.1975,2.0233,2.0000
2.2000,2.0232,2.0000
2.2025,2.0231,2.0000
2.2050,2.0229,2.0000
2.2075,2.0228,2.0000
2.2100,2.0227,2.0000
2.2125,2.0225,2.0000
2.2150,2.0224,2.0000
2.2175,2.0222,2.0000
2.2200,2.0221,2.0000
2.2225,2.0219,2.0000
2.2250,2.0217,2.0000
2.2275,2.0216,2.0000
2.2300,2.0214,2.0000
2.2325,2.0212,2.0000
2.2350,2.0210,2.0000
2.2375,2.0208,2.0000
2.2400,2.0206,2.0000
2.2425,2.0204,2.0000
2.2450,2.0202,2.0000
2.2475,2.0200,2.0000
2.2500,2.0198,2.0000
2.2525,2.0196,2.0000
2.2550,2.0194,2.0000
2.2575,2.0191,2.0000
2.2600,2.0189,2.0000
2.2625,2.0187,2.0000
2.2650,2.0184,2.0000
2.2675,2.0182,2.0000
2.2700,2.0179,2.0000
2.2725,2.0177,2.0000
2.2750,2.0174,2.0000
2.2775,2.0172,2.0000
2.2800,2.0169,2.0000
2.2825,2.0166,2.0000
2.2850,2.0164,2.0000
2.2875,2.0161,2.0000
2.2900,2.0158,2.0000
2.2925,2.0155,2.0000
2.2950,2.0153,2.0000
2.2975,2.0150,2.0000
2.3000,2.0147,2.0000
2.3025,2.0144,2.0000
2.3050,2.0141,2.0000
2.3075,2.0138,2.0000
2.3100,2.0134,2.0000
2.3125,2.0131,2.0000
2.3150,2.0128,2.0000
2.3175,2.0125,2.0000
2.3200,2.0122,2.0000
2.3225,2.0118,2.0000
2.3250,2.0115,2.0000
2.3275,2.0112,2.0000
2.3300,2.0108,2.0000
2.3325,2.0105,2.0000
2.3350,2.0101,2.0000
2.3375,2.0098,2.0000
2.3400,2.0094,2.0000
2.3425,2.0091,2.0000
2.3450,2.0087,2.0000
2.3475,2.0083,2.0000
2.3500,2.0080,2.0000
2.3525,2.0076,2.0000
2.3550,2.0072,2.0000
2.3575,2.0069,2.0000
2.3600,2.0065,2.0000
2.3625,2.0061,2.0000
2.3650,2.0057,2.0000
2.3675,2.0053,2.0000
2.3700,2.0049,2.0000
2.3725,2.0045,2.0000
2.3750,2.0041,2.0000
2.3775,2.0037,2.0000
2.3800,2.0033,2.0000
2.3825,2.0029,2.0000
2.3850,2.0025,2.0000
2.3875,2.0021,2.0000
2.3900,2.0016,2.0000
2.3925,2.0012,2.0000
2.3950,2.0008,2.0000
2.3975,2.0004,2.0000
2.4000,1.9999,2.0000
2.4025,1.9995,2.0000
2.4050,1.9991,2.0000
2.4075,1.9986,2.0000
2.4100,1.9982,2.0000
2.4125,1.9977,2.0000
2.4150,1.9973,2.0000
2.4175,1.9968,2.0000
2.4200,1.9964,2.0000
2.4225,1.9959,2.0000
2.4250,1.9955,2.0000
2.4275,1.9950,2.0000
2.4300,1.9946,2.0000
2.4325,1.9941,2.0000
2.4350,1.9936,2.0000
2.4375,1.9931,2.0000
2.4400,1.9927,2.0000
2.4425,1.9922,2.0000
2.4450,1.9917,2.0000
2.4475,1.9912,2.0000
2.4500,1.9908,2.0000
2.4525,1.9903,2.0000
2.4550,1.9898,2.0000
2.4575,1.9893,2.0000
2.4600,1.9888,2.0000
2.4625,1.9883,2.0000
2.4650,1.9878,2.0000
2.4675,1.9873,2.0000
2.4700,1.9868,2.0000
2.4725,1.9863,2.0000
2.4750,1.9858,2.0000
2.4775,1.9853,2.0000
2.4800,1.9848,2.0000
2.4825,1.9843,2.0000
2.4850,1.9838,2.0000
2.4875,1.9832,2.0000
2.4900,1.9827,2.0000
2.4925,1.9822,2.0000
2.4950,1.9817,2.0000
2.4975,1.9812,2.0000
2.5000,1.9806,2.0000
2.5025,1.9801,2.0000
2.5050,1.9796,2.0000
2.5075,1.9790,2.0000
2.5100,1.9785,2.0000
2.5125,1.9780,2.0000
2.5150,1.9774,2.0000
2.5175,1.9769,2.0000
2.5200,1.9764,2.0000
2.5225,1.9758,2.0000
2.5250,1.9753,2.0000
2.5275,1.9747,2.0000
2.5300,1.9742,2.0000
2.5325,1.9736,2.0000
2.5350,1.9731,2.0000
2.5375,1.9725,2.0000
2.5400,1.9720,2.0000
2.5425,1.9714,2.0000
2.5450,1.9709,2.0000
2.5475,1.9703,2.0000
2.5500,1.9698,2.0000
2.5525,1.9692,2.0000
2.5550,1.9687,2.0000
2.5575,1.9681,2.0000
2.5600,1.9675,2.0000
2.5625,1.9670,2.0000
2.5650,1.9664,2.0000
2.5675,1.9658,2.0000
2.5700,1.9653,2.0000
2.5725,1.9647,2.0000
2.5750,1.9641,2.0000
2.5775,1.9636,2.0000
2.5800,1.9630,2.0000
2.5825,1.9624,2.0000
2.5850,1.9619,2.0000
2.5875,1.9613,2.0000
2.5900,1.9607,2.0000
2.5925,1.9601,2.0000
2.5950,1.9596,2.0000
2.5975,1.9590,2.0000
2.6000,1.9584,2.0000
2.6025,1.9578,2.0000
2.6050,1.9572,2.0000
2.6075,1.9567,2.0000
2.6100,1.9561,2.0000
2.6125,1.9555,2.0000
2.6150,1.9549,2.0000
2.6175,1.9543,2.0000
2.6200,1.9538,2.0000
2.6225,1.9532,2.0000
2.6250,1.9526,2.0000
2.6275,1.9520,2.0000
2.6300,1.9514,2.0000
2.6325,1.9508,2.0000
2.6350,1.9502,2.0000
2.6375,1.9497,2.0000
2.6400,1.9491,2.0000
2.6425,1.9485,2.0000
2.6450,1.9479,2.0000
2.6475,1.9473,2.0000
2.6500,1.9467,2.0000
2.6525,1.9461,2.0000
2.6550,1.9455,2.0000
2.6575,1.9450,2.0000
2.6600,1.9444,2.0000
2.6625,1.9438,2.0000
2.6650,1.9432,2.0000
2.6675,1.9426,2.0000
2.6700,1.9420,2.0000
2.6725,1.9414,2.0000
2.6750,1.9408,2.0000
2.6775,1.9402,2.0000
2.6800,1.9396,2.0000
2.6825,1.9391,2.0000
2.6850,1.9385,2.0000
2.6875,1.9379,2.0000
2.6900,1.9373,2.0000
2.6925,1.9367,2.0000
2.6950,1.9361,2.0000
2.6975,1.9355,2.0000
2.7000,1.9349,2.0000
2.7025,1.9343,2.0000
2.7050,1.9338,2.0000
2.7075,1.9332,2.0000
2.7100,1.9326,2.0000
2.7125,1.9320,2.0000
2.7150,1.9314,2.0000
2.7175,1.9308,2.0000
2.7200,1.9302,2.0000
2.7225,1.9296,2.0000
2.7250,1.9291,2.0000
2.7275,1.9285,2.0000
2.7300,1.9279,2.0000
2.7325,1.9273,2.0000
2.7350,1.9267,2.0000
2.7375,1.9261,2.0000
2.7400,1.9255,2.0000
2.7425,1.9250,2.0000
2.7450,1.9244,2.0000
2.7475,1.9238,2.0000
2.7500,1.9232,2.0000
2.7525,1.9226,2.0000
2.7550,1.9221,2.0000
2.7575,1.9215,2.0000
2.7600,1.9209,2.0000
2.7625,1.9203,2.0000
2.7650,1.9198,2.0000
2.7675,1.9192,2.0000
2.7700,1.9186,2.0000
2.7725,1.9180,2.0000
2.7750,1.9175,2.0000
2.7775,1.9169,2.0000
2.7800,1.9163,2.0000
2.7825,1.9157,2.0000
2.7850,1.9152,2.0000
2.7875,1.9146,2.0000
2.7900,1.9140,2.0000
2.7925,1.9135,2.0000
2.7950,1.9129,2.0000
2.7975,1.9123,2.0000
2.8000,1.9118,2.0000
2.8025,1.9112,2.0000
2.8050,1.9107,2.0000
2.8075,1.9101,2.0000
2.8100,1.9095,2.0000
2.8125,1.9090,2.0000
2.8150,1.9084,2.0000
2.8175,1.9079,2.0000
2.8200,1.9073,2.0000
2.8225,1.9068,2.0000
2.8250,1.9062,2.0000
2.8275,1.9057,2.0000
2.8300,1.9051,2.0000
2.8325,1.9046,2.0000
2.8350,1.9040,2.0000
2.8375,1.9035,2.0000
2.8400,1.9029,2.0000
2.8425,1.9024,2.0000
2.8450,1.9019,2.0000
2.8475,1.9013,2.0000
2.8500,1.9008,2.0000
2.8525,1.9002,2.0000
2.8550,1.8997,2.0000
2.8575,1.8992,2.0000
2.8600,1.8986,2.0000
2.8625,1.8981,2.0000
2.8650,1.8976,2.0000
2.8675,1.8971,2.0000
2.8700,1.8965,2.0000
2.8725,1.8960,2.0000
2.8750,1.8955,2.0000
2.8775,1.8950,2.0000
2.8800,1.8944,2.0000
2.8825,1.8939,2.0000
2.8850,1.8934,2.0000
2.8875,1.8929,2.0000
2.8900,1.8924,2.0000
2.8925,1.8919,2.0000
2.8950,1.8914,2.0000
2.8975,1.8909,2.0000
2.9000,1.8904,2.0000
2.9025,1.8899,2.0000
2.9050,1.8894,2.0000
2.9075,1.8889,2.0000
2.9100,1.8884,2.0000
2.9125,1.8879,2.0000
2.9150,1.8874,2.0000
2.9175,1.8869,2.0000
2.9200,1.8864,2.0000
2.9225,1.8859,2.0000
2.9250,1.8854,2.0000
2.9275,1.8849,2.0000
2.9300,1.8845,2.0000
2.9325,1.8840,2.0000
2.9350,1.8835,2.0000
2.9375,1.8830,2.0000
2.9400,1.8826,2.0000
2.9425,1.8821,2.0000
2.9450,1.8816,2.0000
2.9475,1.8812,2.0000
2.9500,1.8807,2.0000
2.9525,1.8802,2.0000
2.9550,1.8798,2.0000
2.9575,1.8793,2.0000
2.9600,1.8789,2.0000
2.9625,1.8784,2.0000
2.9650,1.8780,2.0000
2.9675,1.8775,2.0000
2.9700,1.8771,2.0000
2.9725,1.8766,2.0000
2.9750,1.8762,2.0000
2.9775,1.8757,2.0000
2.9800,1.8753,2.0000
2.9825,1.8749,2.0000
2.9850,1.8744,2.0000
2.9875,1.8740,2.0000
2.9900,1.8736,2.0000
2.9925,1.8732,2.0000
2.9950,1.8727,2.0000
2.9975,1.8723,2.0000
3.0000,1.8719,2.0000
3.0025,1.8715,2.0000
3.0050,1.8711,2.0000
3.0075,1.8707,2.0000
3.0100,1.8702,2.0000
3.0125,1.8698,2.0000
3.0150,1.8694,2.0000
3.0175,1.8690,2.0000
3.0200,1.8686,2.0000
3.0225,1.8682,2.0000
3.0250,1.8678,2.0000
3.0275,1.8675,2.0000
3.0300,1.8671,2.0000
3.0325,1.8667,2.0000
3.0350,1.8663,2.0000
3.0375,1.8659,2.0000
3.0400,1.8655,2.0000
3.0425,1.8652,2.0000
3.0450,1.8648,2.0000
3.0475,1.8644,2.0000
3.0500,1.8641,2.0000
3.0525,1.8637,2.0000
3.0550,1.8633,2.0000
3.0575,1.8630,2.0000
3.0600,1.8626,2.0000
3.0625,1.8623,2.0000
3.0650,1.8619,2.0000
3.0675,1.8616,2.0000
3.0700,1.8612,2.0000
3.0725,1.8609,2.0000
3.0750,1.8605,2.0000
3.0775,1.8602,2.0000
3.0800,1.8599,2.0000
3.0825,1.8595,2.0000
3.0850,1.8592,2.0000
3.0875,1.8589,2.0000
3.0900,1.8586,2.0000
3.0925,1.8583,2.0000
3.0950,1.8579,2.0000
3.0975,1.8576,2.0000
3.1000,1.8573,2.0000
3.1025,1.8570,2.0000
3.1050,1.8567,2.0000
3.1075,1.8564,2.0000
3.1100,1.8561,2.0000
3.1125,1.8558,2.0000
3.1150,1.8555,2.0000
3.1175,1.8552,2.0000
3.1200,1.8549,2.0000
3.1225,1.8546,2.0000
3.1250,1.8544,2.0000
3.1275,1.8541,2.0000
3.1300,1.8538,2.0000
3.1325,1.8535,2.0000
3.1350,1.8533,2.0000
3.1375,1.8530,2.0000
3.1400,1.8527,2.0000
3.1425,1.8525,2.0000
3.1450,1.8522,2.0000
3.1475,1.8520,2.0000
3.1500,1.8517,2.0000
3.1525,1.8515,2.0000
3.1550,1.8512,2.0000
3.1575,1.8510,2.0000
3.1600,1.8507,2.0000
3.1625,1.8505,2.0000
3.1650,1.8503,2.0000
3.1675,1.8500,2.0000
3.1700,1.8498,2.0000
3.1725,1.8496,2.0000
3.1750,1.8494,2.0000
3.1775,1.8491,2.0000
3.1800,1.8489,2.0000
3.1825,1.8487,2.0000
3.1850,1.8485,2.0000
3.1875,1.8483,2.0000
3.1900,1.8481,2.0000
3.1925,1.8479,2.0000
3.1950,1.8477,2.0000
3.1975,1.8475,2.0000
3.2000,1.8473,2.0000
3.2025,1.8471,2.0000
3.2050,1.8469,2.0000
3.2075,1.8468,2.0000
3.2100,1.8466,2.0000
3.2125,1.8464,2.0000
3.2150,1.8462,2.0000
3.2175,1.8461,2.0000
3.2200,1.8459,2.0000
3.2225,1.8457,2.0000
3.2250,1.8456,2.0000
3.2275,1.8454,2.0000
3.2300,1.8453,2.0000
3.2325,1.8451,2.0000
3.2350,1.8450,2.0000
3.2375,1.8448,2.0000
3.2400,1.8447,2.0000
3.2425,1.8446,2.0000
3.2450,1.8444,2.0000
3.2475,1.8443,2.0000
3.2500,1.8442,2.0000
3.2525,1.8440,2.0000
3.2550,1.8439,2.0000
3.2575,1.8438,2.0000
3.2600,1.8437,2.0000
3.2625,1.8436,2.0000
3.2650,1.8435,2.0000
3.2675,1.8434,2.0000
3.2700,1.8433,2.0000
3.2725,1.8432,2.0000
3.2750,1.8431,2.0000
3.2775,1.8430,2.0000
3.2800,1.8429,2.0000
3.2825,1.8428,2.0000
3.2850,1.8427,2.0000
3.2875,1.8426,2.0000
3.2900,1.8426,2.0000
3.2925,1.8425,2.0000
3.2950,1.8424,2.0000
3.2975,1.8424,2.0000
3.3000,1.8423,2.0000
3.3025,1.8422,2.0000
3.3050,1.8422,2.0000
3.3075,1.8421,2.0000
3.3100,1.8421,2.0000
3.3125,1.8420,2.0000
3.3150,1.8420,2.0000
3.3175,1.8419,2.0000
3.3200,1.8419,2.0000
3.3225,1.8419,2.0000
3.3250,1.8418,2.0000
3.3275,1.8418,2.0000
3.3300,1.8418,2.0000
3.3325,1.8418,2.0000
3.3350,1.8417,2.0000
3.3375,1.8417,2.0000
3.3400,1.8417,2.0000
3.3425,1.8417,2.0000
3.3450,1.8417,2.0000
3.3475,1.8417,2.0000
3.3500,1.8417,2.0000
3.3525,1.8417,2.0000
3.3550,1.8417,2.0000
3.3575,1.8417,2.0000
3.3600,1.8417,2.0000
3.3625,1.8417,2.0000
3.3650,1.8418,2.0000
3.3675,1.8418,2.0000
3.3700,1.8418,2.0000
3.3725,1.8418,2.0000
3.3750,1.8419,2.0000
3.3775,1.8419,2.0000
3.3800,1.8419,2.0000
3.3825,1.8420,2.0000
3.3850,1.8420,2.0000
3.3875,1.8421,2.0000
3.3900,1.8421,2.0000
3.3925,1.8422,2.0000
3.3950,1.8422,2.0000
3.3975,1.8423,2.0000
3.4000,1.8424,2.0000
3.4025,1.8424,2.0000
3.4050,1.8425,2.0000
3.4075,1.8426,2.0000
3.4100,1.8426,2.0000
3.4125,1.8427,2.0000
3.4150,1.8428,2.0000
3.4175,1.8429,2.0000
3.4200,1.8430,2.0000
3.4225,1.8431,2.0000
3.4250,1.8432,2.0000
3.4275,1.8433,2.0000
3.4300,1.8434,2.0000
3.4325,1.8435,2.0000
3.4350,1.8436,2.0000
3.4375,1.8437,2.0000
3.4400,1.8438,2.0000
3.4425,1.8439,2.0000
3.4450,1.8440,2.0000
3.4475,1.8441,2.0000
3.4500,1.8443,2.0000
3.4525,1.8444,2.0000
3.4550,1.8445,2.0000
3.4575,1.8447,2.0000
3.4600,1.8448,2.0000
3.4625,1.8449,2.0000
3.4650,1.8451,2.0000
3.4675,1.8452,2.0000
3.4700,1.8454,2.0000
3.4725,1.8455,2.0000
3.4750,1.8457,2.0000
3.4775,1.8458,2.0000
3.4800,1.8460,2.0000
3.4825,1.8461,2.0000
3.4850,1.8463,2.0000
3.4875,1.8465,2.0000
3.4900,1.8467,2.0000
3.4925,1.8468,2.0000
3.4950,1.8470,2.0000
3.4975,1.8472,2.0000
3.5000,1.8474,2.0000
3.5025,1.8475,2.0000
3.5050,1.8477,2.0000
3.5075,1.8479,2.0000
3.5100,1.8481,2.0000
3.5125,1.8483,2.0000
3.5150,1.8485,2.0000
3.5175,1.8487,2.0000
3.5200,1.8489,2.0000
3.5225,1.8491,2.0000
3.5250,1.8493,2.0000
3.5275,1.8496,2.0000
3.5300,1.8498,2.0000
3.5325,1.8500,2.0000
3.5350,1.8502,2.0000
3.5375,1.8504,2.0000
3.5400,1.8507,2.0000
3.5425,1.8509,2.0000
3.5450,1.8511,2.0000
3.5475,1.8514,2.0000
3.5500,1.8516,2.0000
3.5525,1.8518,2.0000
3.5550,1.8521,2.0000
3.5575,1.8523,2.0000
3.5600,1.8526,2.0000
3.5625,1.8528,2.0000
3.5650,1.8531,2.0000
3.5675,1.8533,2.0000
3.5700,1.8536,2.0000
3.5725,1.8539,2.0000
3.5750,1.8541,2.0000
3.5775,1.8544,2.0000
3.5800,1.8547,2.0000
3.5825,1.8549,2.0000
3.5850,1.8552,2.0000
3.5875,1.8555,2.0000
3.5900,1.8558,2.0000
3.5925,1.8561,2.0000
3.5950,1.8563,2.0000
3.5975,1.8566,2.0000
3.6000,1.8569,2.0000
3.6025,1.8572,2.0000
3.6050,1.8575,2.0000
3.6075,1.8578,2.0000
3.6100,1.8581,2.0000
3.6125,1.8584,2.0000
3.6150,1.8587,2.0000
3.6175,1.8590,2.0000
3.6200,1.8593,2.0000
3.6225,1.8596,2.0000
3.6250,1.8599,2.0000
3.6275,1.8603,2.0000
3.6300,1.8606,2.0000
3.6325,1.8609,2.0000
3.6350,1.8612,2.0000
3.6375,1.8616,2.0000
3.6400,1.8619,2.0000
3.6425,1.8622,2.0000
3.6450,1.8625,2.0000
3.6475,1.8629,2.0000
3.6500,1.8632,2.0000
3.6525,1.8636,2.0000
3.6550,1.8639,2.0000
3.6575,1.8642,2.0000
3.6600,1.8646,2.0000
3.6625,1.8649,2.0000
3.6650,1.8653,2.0000
3.6675,1.8656,2.0000
3.6700,1.8660,2.0000
3.6725,1.8664,2.0000
3.6750,1.8667,2.0000
3.6775,1.8671,2.0000
3.6800,1.8674,2.0000
3.6825,1.8678,2.0000
3.6850,1.8682,2.0000
3.6875,1.8685,2.0000
3.6900,1.8689,2.0000
3.6925,1.8693,2.0000
3.6950,1.8697,2.0000
3.6975,1.8700,2.0000
3.7000,1.8704,2.0000
3.7025,1.8708,2.0000
3.7050,1.8712,2.0000
3.7075,1.8716,2.0000
3.7100,1.8720,2.0000
3.7125,1.8724,2.0000
3.7150,1.8727,2.0000
3.7175,1.8731,2.0000
3.7200,1.8735,2.0000
3.7225,1.8739,2.0000
3.7250,1.8743,2.0000
3.7275,1.8747,2.0000
3.7300,1.8751,2.0000
3.7325,1.8755,2.0000
3.7350,1.8759,2.0000
3.7375,1.8764,2.0000
3.7400,1.8768,2.0000
3.7425,1.8772,2.0000
3.7450,1.8776,2.0000
3.7475,1.8780,2.0000
3.7500,1.8784,2.0000
3.7525,1.8788,2.0000
3.7550,1.8793,2.0000
3.7575,1.8797,2.0000
3.7600,1.8801,2.0000
3.7625,1.8805,2.0000
3.7650,1.8810,2.0000
3.7675,1.8814,2.0000
3.7700,1.8818,2.0000
3.7725,1.8823,2.0000
3.7750,1.8827,2.0000
3.7775,1.8831,2.0000
3.7800,1.8836,2.0000
3.7825,1.8840,2.0000
3.7850,1.8845,2.0000
3.7875,1.8849,2.0000
3.7900,1.8853,2.0000
3.7925,1.8858,2.0000
3.7950,1.8862,2.0000
3.7975,1.8867,2.0000
3.8000,1.8871,2.0000
3.8025,1.8876,2.0000
3.8050,1.8880,2.0000
3.8075,1.8885,2.0000
3.8100,1.8889,2.0000
3.8125,1.8894,2.0000
3.8150,1.8899,2.0000
3.8175,1.8903,2.0000
3.8200,1.8908,2.0000
3.8225,1.8912,2.0000
3.8250,1.8917,2.0000
3.8275,1.8922,2.0000
3.8300,1.8926,2.0000
3.8325,1.8931,2.0000
3.8350,1.8936,2.0000
3.8375,1.8940,2.0000
3.8400,1.8945,2.0000
3.8425,1.8950,2.0000
3.8450,1.8955,2.0000
3.8475,1.8959,2.0000
3.8500,1.8964,2.0000
3.8525,1.8969,2.0000
3.8550,1.8974,2.0000
3.8575,1.8979,2.0000
3.8600,1.8983,2.0000
3.8625,1.8988,2.0000
3.8650,1.8993,2.0000
3.8675,1.8998,2.0000
3.8700,1.9003,2.0000
3.8725,1.9008,2.0000
3.8750,1.9012,2.0000
3.8775,1.9017,2.0000
3.8800,1.9022,2.0000
3.8825,1.9027,2.0000
3.8850,1.9032,2.0000
3.8875,1.9037,2.0000
3.8900,1.9042,2.0000
3.8925,1.9047,2.0000
3.8950,1.9052,2.0000
3.8975,1.9057,2.0000
3.9000,1.9062,2.0000
3.9025,1.9067,2.0000
3.9050,1.9072,2.0000
3.9075,1.9077,2.0000
3.9100,1.9082,2.0000
3.9125,1.9087,2.0000
3.9150,1.9092,2.0000
3.9175,1.9097,2.0000
3.9200,1.9102,2.0000
3.9225,1.9107,2.0000
3.9250,1.9112,2.0000
3.9275,1.9117,2.0000
3.9300,1.9122,2.0000
3.9325,1.9127,2.0000
3.9350,1.9132,2.0000
3.9375,1.9137,2.0000
3.9400,1.9142,2.0000
3.9425,1.9148,2.0000
3.9450,1.9153,2.0000
3.9475,1.9158,2.0000
3.9500,1.9163,2.0000
3.9525,1.9168,2.0000
3.9550,1.9173,2.0000
3.9575,1.9178,2.0000
3.9600,1.9183,2.0000
3.9625,1.9189,2.0000
3.9650,1.9194,2.0000
3.9675,1.9199,2.0000
3.9700,1.9204,2.0000
3.9725,1.9209,2.0000
3.9750,1.9214,2.0000
3.9775,1.9220,2.0000
3.9800,1.9225,2.0000
3.9825,1.9230,2.0000
3.9850,1.9235,2.0000
3.9875,1.9240,2.0000
3.9900,1.9246,2.0000
3.9925,1.9251,2.0000
3.9950,1.9256,2.0000
3.9975,1.9261,2.0000
4.0000,1.9266,2.0000
4.0025,1.9272,2.0000
4.0050,1.9277,2.0000
4.0075,1.9282,2.0000
4.0100,1.9287,2.0000
4.0125,1.9293,2.0000
4.0150,1.9298,2.0000
4.0175,1.9303,2.0000
4.0200,1.9308,2.0000
4.0225,1.9313,2.0000
4.0250,1.9319,2.0000
4.0275,1.9324,2.0000
4.0300,1.9329,2.0000
4.0325,1.9334,2.0000
4.0350,1.9340,2.0000
4.0375,1.9345,2.0000
4.0400,1.9350,2.0000
4.0425,1.9355,2.0000
4.0450,1.9361,2.0000
4.0475,1.9366,2.0000
4.0500,1.9371,2.0000
4.0525,1.9376,2.0000
4.0550,1.9382,2.0000
4.0575,1.9387,2.0000
4.0600,1.9392,2.0000
4.0625,1.9397,2.0000
4.0650,1.9403,2.0000
4.0675,1.9408,2.0000
4.0700,1.9413,2.0000
4.0725,1.9418,2.0000
4.0750,1.9424,2.0000
4.0775,1.9429,2.0000
4.0800,1.9434,2.0000
4.0825,1.9439,2.0000
4.0850,1.9445,2.0000
4.0875,1.9450,2.0000
4.0900,1.9455,2.0000
4.0925,1.9460,2.0000
4.0950,1.9465,2.0000
4.0975,1.9471,2.0000
4.1000,1.9476,2.0000
4.1025,1.9481,2.0000
4.1050,1.9486,2.0000
4.1075,1.9492,2.0000
4.1100,1.9497,2.0000
4.1125,1.9502,2.0000
4.1150,1.9507,2.0000
4.1175,1.9512,2.0000
4.1200,1.9518,2.0000
4.1225,1.9523,2.0000
4.1250,1.9528,2.0000
4.1275,1.9533,2.0000
4.1300,1.9538,2.0000
4.1325,1.9544,2.0000
4.1350,1.9549,2.0000
4.1375,1.9554,2.0000
4.1400,1.9559,2.0000
4.1425,1.9564,2.0000
4.1450,1.9569,2.0000
4.1475,1.9575,2.0000
4.1500,1.9580,2.0000
4.1525,1.9585,2.0000
4.1550,1.9590,2.0000
4.1575,1.9595,2.0000
4.1600,1.9600,2.0000
4.1625,1.9605,2.0000
4.1650,1.9610,2.0000
4.1675,1.9615,2.0000
4.1700,1.9621,2.0000
4.1725,1.9626,2.0000
4.1750,1.9631,2.0000
4.1775,1.9636,2.0000
4.1800,1.9641,2.0000
4.1825,1.9646,2.0000
4.1850,1.9651,2.0000
4.1875,1.9656,2.0000
4.1900,1.9661,2.0000
4.1925,1.9666,2.0000
4.1950,1.9671,2.0000
4.1975,1.9676,2.0000
4.2000,1.9681,2.0000
4.2025,1.9686,2.0000
4.2050,1.9691,2.0000
4.2075,1.9696,2.0000
4.2100,1.9701,2.0000
4.2125,1.9706,2.0000
4.2150,1.9711,2.0000
4.2175,1.9716,2.0000
4.2200,1.9721,2.0000
4.2225,1.9726,2.0000
4.2250,1.9731,2.0000
4.2275,1.9736,2.0000
4.2300,1.9741,2.0000
4.2325,1.9746,2.0000
4.2350,1.9751,2.0000
4.2375,1.9755,2.0000
4.2400,1.9760,2.0000
4.2425,1.9765,2.0000
4.2450,1.9770,2.0000
4.2475,1.9775,2.0000
4.2500,1.9780,2.0000
4.2525,1.9784,2.0000
4.2550,1.9789,2.0000
4.2575,1.9794,2.0000
4.2600,1.9799,2.0000
4.2625,1.9804,2.0000
4.2650,1.9808,2.0000
4.2675,1.9813,2.0000
4.2700,1.9818,2.0000
4.2725,1.9823,2.0000
4.2750,1.9827,2.0000
4.2775,1.9832,2.0000
4.2800,1.9837,2.0000
4.2825,1.9842,2.0000
4.2850,1.9846,2.0000
4.2875,1.9851,2.0000
4.2900,1.9856,2.0000
4.2925,1.9860,2.0000
4.2950,1.9865,2.0000
4.2975,1.9869,2.0000
4.3000,1.9874,2.0000
4.3025,1.9879,2.0000
4.3050,1.9883,2.0000
4.3075,1.9888,2.0000
4.3100,1.9892,2.0000
4.3125,1.9897,2.0000
4.3150,1.9901,2.0000
4.3175,1.9906,2.0000
4.3200,1.9910,2.0000
4.3225,1.9915,2.0000
4.3250,1.9919,2.0000
4.3275,1.9924,2.0000
4.3300,1.9928,2.0000
4.3325,1.9933,2.0000
4.3350,1.9937,2.0000
4.3375,1.9942,2.0000
4.3400,1.9946,2.0000
4.3425,1.9950,2.0000
4.3450,1.9955,2.0000
4.3475,1.9959,2.0000
4.3500,1.9963,2.0000
4.3525,1.9968,2.0000
4.3550,1.9972,2.0000
4.3575,1.9976,2.0000
4.3600,1.9981,2.0000
4.3625,1.9985,2.0000
4.3650,1.9989,2.0000
4.3675,1.9993,2.0000
4.3700,1.9998,2.0000
4.3725,2.0002,2.0000
4.3750,2.0006,2.0000
4.3775,2.0010,2.0000
4.3800,2.0014,2.0000
4.3825,2.0019,2.0000
4.3850,2.0023,2.0000
4.3875,2.0027,2.0000
4.3900,2.0031,2.0000
4.3925,2.0035,2.0000
4.3950,2.0039,2.0000
4.3975,2.0043,2.0000
4.4000,2.0047,2.0000
4.4025,2.0051,2.0000
4.4050,2.0055,2.0000
4.4075,2.0059,2.0000
4.4100,2.0063,2.0000
4.4125,2.0067,2.0000
4.4150,2.0071,2.0000
4.4175,2.0075,2.0000
4.4200,2.0079,2.0000
4.4225,2.0083,2.0000
4.4250,2.0087,2.0000
4.4275,2.0091,2.0000
4.4300,2.0094,2.0000
4.4325,2.0098,2.0000
4.4350,2.0102,2.0000
4.4375,2.0106,2.0000
4.4400,2.0110,2.0000
4.4425,2.0113,2.0000
4.4450,2.0117,2.0000
4.4475,2.0121,2.0000
4.4500,2.0124,2.0000
4.4525,2.0128,2.0000
4.4550,2.0132,2.0000
4.4575,2.0135,2.0000
4.4600,2.0139,2.0000
4.4625,2.0143,2.0000
4.4650,2.0146,2.0000
4.4675,2.0150,2.0000
4.4700,2.0153,2.0000
4.4725,2.0157,2.0000
4.4750,2.0161,2.0000
4.4775,2.0164,2.0000
4.4800,2.0168,2.0000
4.4825,2.0171,2.0000
4.4850,2.0174,2.0000
4.4875,2.0178,2.0000
4.4900,2.0181,2.0000
4.4925,2.0185,2.0000
4.4950,2.0188,2.0000
4.4975,2.0191,2.0000
4.5000,2.0195,2.0000
4.5025,2.0198,2.0000
4.5050,2.0201,2.0000
4.5075,2.0205,2.0000
4.5100,2.0208,2.0000
4.5125,2.0211,2.0000
4.5150,2.0214,2.0000
4.5175,2.0218,2.0000
4.5200,2.0221,2.0000
4.5225,2.0224,2.0000
4.5250,2.0227,2.0000
4.5275,2.0230,2.0000
4.5300,2.0233,2.0000
4.5325,2.0237,2.0000
4.5350,2.0240,2.0000
4.5375,2.0243,2.0000
4.5400,2.0246,2.0000
4.5425,2.0249,2.0000
4.5450,2.0252,2.0000
4.5475,2.0255,2.0000
4.5500,2.0258,2.0000
4.5525,2.0261,2.0000
4.5550,2.0263,2.0000
4.5575,2.0266,2.0000
4.5600,2.0269,2.0000
4.5625,2.0272,2.0000
4.5650,2.0275,2.0000
4.5675,2.0278,2.0000
4.5700,2.0281,2.0000
4.5725,2.0283,2.0000
4.5750,2.0286,2.0000
4.5775,2.0289,2.0000
4.5800,2.0292,2.0000
4.5825,2.0294,2.0000
4.5850,2.0297,2.0000
4.5875,2.0300,2.0000
4.5900,2.0302,2.0000
4.5925,2.0305,2.0000
4.5950,2.0307,2.0000
4.5975,2.0310,2.0000
4.6000,2.0313,2.0000
4.6025,2.0315,2.0000
4.6050,2.0318,2.0000
4.6075,2.0320,2.0000
4.6100,2.0323,2.0000
4.6125,2.0325,2.0000
4.6150,2.0328,2.0000
4.6175,2.0330,2.0000
4.6200,2.0332,2.0000
4.6225,2.0335,2.0000
4.6250,2.0337,2.0000
4.6275,2.0339,2.0000
4.6300,2.0342,2.0000
4.6325,2.0344,2.0000
4.6350,2.0346,2.0000
4.6375,2.0349,2.0000
4.6400,2.0351,2.0000
4.6425,2.0353,2.0000
4.6450,2.0355,2.0000
4.6475,2.0357,2.0000
4.6500,2.0359,2.0000
4.6525,2.0362,2.0000
4.6550,2.0364,2.0000
4.6575,2.0366,2.0000
4.6600,2.0368,2.0000
4.6625,2.0370,2.0000
4.6650,2.0372,2.0000
4.6675,2.0374,2.0000
4.6700,2.0376,2.0000
4.6725,2.0378,2.0000
4.6750,2.0380,2.0000
4.6775,2.0382,2.0000
4.6800,2.0384,2.0000
4.6825,2.0385,2.0000
4.6850,2.0387,2.0000
4.6875,2.0389,2.0000
4.6900,2.0391,2.0000
4.6925,2.0393,2.0000
4.6950,2.0395,2.0000
4.6975,2.0396,2.0000
4.7000,2.0398,2.0000
4.7025,2.0400,2.0000
4.7050,2.0401,2.0000
4.7075,2.0403,2.0000
4.7100,2.0405,2.0000
4.7125,2.0406,2.0000
4.7150,2.0408,2.0000
4.7175,2.0409,2.0000
4.7200,2.0411,2.0000
4.7225,2.0413,2.0000
4.7250,2.0414,2.0000
4.7275,2.0416,2.0000
4.7300,2.0417,2.0000
4.7325,2.0419,2.0000
4.7350,2.0420,2.0000
4.7375,2.0421,2.0000
4.7400,2.0423,2.0000
4.7425,2.0424,2.0000
4.7450,2.0425,2.0000
4.7475,2.0427,2.0000
4.7500,2.0428,2.0000
4.7525,2.0429,2.0000
4.7550,2.0431,2.0000
4.7575,2.0432,2.0000
4.7600,2.0433,2.0000
4.7625,2.0434,2.0000
4.7650,2.0436,2.0000
4.7675,2.0437,2.0000
4.7700,2.0438,2.0000
4.7725,2.0439,2.0000
4.7750,2.0440,2.0000
4.7775,2.0441,2.0000
4.7800,2.0442,2.0000
4.7825,2.0443,2.0000
4.7850,2.0444,2.0000
4.7875,2.0445,2.0000
4.7900,2.0446,2.0000
4.7925,2.0447,2.0000
4.7950,2.0448,2.0000
4.7975,2.0449,2.0000
4.8000,2.0450,2.0000
4.8025,2.0451,2.0000
4.8050,2.0452,2.0000
4.8075,2.0452,2.0000
4.8100,2.0453,2.0000
4.8125,2.0454,2.0000
4.8150,2.0455,2.0000
4.8175,2.0456,2.0000
4.8200,2.0456,2.0000
4.8225,2.0457,2.0000
4.8250,2.0458,2.0000
4.8275,2.0458,2.0000
4.8300,2.0459,2.0000
4.8325,2.0460,2.0000
4.8350,2.0460,2.0000
4.8375,2.0461,2.0000
4.8400,2.0461,2.0000
4.8425,2.0462,2.0000
4.8450,2.0462,2.0000
4.8475,2.0463,2.0000
4.8500,2.0463,2.0000
4.8525,2.0464,2.0000
4.8550,2.0464,2.0000
4.8575,2.0465,2.0000
4.8600,2.0465,2.0000
4.8625,2.0466,2.0000
4.8650,2.0466,2.0000
4.8675,2.0466,2.0000
4.8700,2.0467,2.0000
4.8725,2.0467,2.0000
4.8750,2.0467,2.0000
4.8775,2.0468,2.0000
4.8800,2.0468,2.0000
4.8825,2.0468,2.0000
4.8850,2.0468,2.0000
4.8875,2.0468,2.0000
4.8900,2.0469,2.0000
4.8925,2.0469,2.0000
4.8950,2.0469,2.0000
4.8975,2.0469,2.0000
4.9000,2.0469,2.0000
4.9025,2.0469,2.0000
4.9050,2.0469,2.0000
4.9075,2.0469,2.0000
4.9100,2.0469,2.0000
4.9125,2.0469,2.0000
4.9150,2.0469,2.0000
4.9175,2.0469,2.0000
4.9200,2.0469,2.0000
4.9225,2.0469,2.0000
4.9250,2.0469,2.0000
4.9275,2.0469,2.0000
4.9300,2.0469,2.0000
4.9325,2.0468,2.0000
4.9350,2.0468,2.0000
4.9375,2.0468,2.0000
4.9400,2.0468,2.0000
4.9425,2.0468,2.0000
4.9450,2.0467,2.0000
4.9475,2.0467,2.0000
4.9500,2.0467,2.0000
4.9525,2.0467,2.0000
4.9550,2.0466,2.0000
4.9575,2.0466,2.0000
4.9600,2.0466,2.0000
4.9625,2.0465,2.0000
4.9650,2.0465,2.0000
4.9675,2.0464,2.0000
4.9700,2.0464,2.0000
4.9725,2.0463,2.0000
4.9750,2.0463,2.0000
4.9775,2.0462,2.0000
4.9800,2.0462,2.0000
4.9825,2.0461,2.0000
4.9850,2.0461,2.0000
4.9875,2.0460,2.0000
4.9900,2.0460,2.0000
4.9925,2.0459,2.0000
4.9950,2.0459,2.0000
4.9975,2.0458,2.0000
5.0000,2.0457,2.0000
5.0025,2.0457,2.0000
5.0050,2.0456,2.0000
5.0075,2.0455,2.0000
5.0100,2.0455,2.0000
5.0125,2.0454,2.0000
5.0150,2.0453,2.0000
5.0175,2.0452,2.0000
5.0200,2.0452,2.0000
5.0225,2.0451,2.0000
5.0250,2.0450,2.0000
5.0275,2.0449,2.0000
5.0300,2.0448,2.0000
5.0325,2.0447,2.0000
5.0350,2.0447,2.0000
5.0375,2.0446,2.0000
5.0400,2.0445,2.0000
5.0425,2.0444,2.0000
5.0450,2.0443,2.0000
5.0475,2.0442,2.0000
5.0500,2.0441,2.0000
5.0525,2.0440,2.0000
5.0550,2.0439,2.0000
5.0575,2.0438,2.0000
5.0600,2.0437,2.0000
5.0625,2.0436,2.0000
5.0650,2.0435,2.0000
5.0675,2.0434,2.0000
5.0700,2.0433,2.0000
5.0725,2.0431,2.0000
5.0750,2.0430,2.0000
5.0775,2.0429,2.0000
5.0800,2.0428,2.0000
5.0825,2.0427,2.0000
5.0850,2.0426,2.0000
5.0875,2.0424,2.0000
5.0900,2.0423,2.0000
5.0925,2.0422,2.0000
5.0950,2.0421,2.0000
5.0975,2.0419,2.0000
5.1000,2.0418,2.0000
5.1025,2.0417,2.0000
5.1050,2.0416,2.0000
5.1075,2.0414,2.0000
5.1100,2.0413,2.0000
5.1125,2.0412,2.0000
5.1150,2.0410,2.0000
5.1175,2.0409,2.0000
5.1200,2.0407,2.0000
5.1225,2.0406,2.0000
5.1250,2.0405,2.0000
5.1275,2.0403,2.0000
5.1300,2.0402,2.0000
5.1325,2.0400,2.0000
5.1350,2.0399,2.0000
5.1375,2.0397,2.0000
5.1400,2.0396,2.0000
5.1425,2.0394,2.0000
5.1450,2.0393,2.0000
5.1475,2.0391,2.0000
5.1500,2.0390,2.0000
5.1525,2.0388,2.0000
5.1550,2.0386,2.0000
5.1575,2.0385,2.0000
5.1600,2.0383,2.0000
5.1625,2.0382,2.0000
5.1650,2.0380,2.0000
5.1675,2.0378,2.0000
5.1700,2.0377,2.0000
5.1725,2.0375,2.0000
5.1750,2.0373,2.0000
5.1775,2.0372,2.0000
5.1800,2.0370,2.0000
5.1825,2.0368,2.0000
5.1850,2.0366,2.0000
5.1875,2.0365,2.0000
5.1900,2.0363,2.0000
5.1925,2.0361,2.0000
5.1950,2.0359,2.0000
5.1975,2.0358,2.0000
5.2000,2.0356,2.0000
5.2025,2.0354,2.0000
5.2050,2.0352,2.0000
5.2075,2.0350,2.0000
5.2100,2.0348,2.0000
5.2125,2.0347,2.0000
5.2150,2.0345,2.0000
5.2175,2.0343,2.0000
5.2200,2.0341,2.0000
5.2225,2.0339,2.0000
5.2250,2.0337,2.0000
5.2275,2.0335,2.0000
5.2300,2.0333,2.0000
5.2325,2.0331,2.0000
5.2350,2.0329,2.0000
5.2375,2.0327,2.0000
5.2400,2.0325,2.0000
5.2425,2.0324,2.0000
5.2450,2.0322,2.0000
5.2475,2.0320,2.0000
5.2500,2.0318,2.0000
5.2525,2.0315,2.0000
5.2550,2.0313,2.0000
5.2575,2.0311,2.0000
5.2600,2.0309,2.0000
5.2625,2.0307,2.0000
5.2650,2.0305,2.0000
5.2675,2.0303,2.0000
5.2700,2.0301,2.0000
5.2725,2.0299,2.0000
5.2750,2.0297,2.0000
5.2775,2.0295,2.0000
5.2800,2.0293,2.0000
5.2825,2.0291,2.0000
5.2850,2.0288,2.0000
5.2875,2.0286,2.0000
5.2900,2.0284,2.0000
5.2925,2.0282,2.0000
5.2950,2.0280,2.0000
5.2975,2.0278,2.0000
5.3000,2.0275,2.0000
5.3025,2.0273,2.0000
5.3050,2.0271,2.0000
5.3075,2.0269,2.0000
5.3100,2.0267,2.0000
5.3125,2.0264,2.0000
5.3150,2.0262,2.0000
5.3175,2.0260,2.0000
5.3200,2.0258,2.0000
5.3225,2.0255,2.0000
5.3250,2.0253,2.0000
5.3275,2.0251,2.0000
5.3300,2.0249,2.0000
5.3325,2.0246,2.0000
5.3350,2.0244,2.0000
5.3375,2.0242,2.0000
5.3400,2.0239,2.0000
5.3425,2.0237,2.0000
5.3450,2.0235,2.0000
5.3475,2.0232,2.0000
5.3500,2.0230,2.0000
5.3525,2.0228,2.0000
5.3550,2.0225,2.0000
5.3575,2.0223,2.0000
5.3600,2.0221,2.0000
5.3625,2.0218,2.0000
5.3650,2.0216,2.0000
5.3675,2.0214,2.0000
5.3700,2.0211,2.0000
5.3725,2.0209,2.0000
5.3750,2.0206,2.0000
5.3775,2.0204,2.0000
5.3800,2.0202,2.0000
5.3825,2.0199,2.0000
5.3850,2.0197,2.0000
5.3875,2.0194,2.0000
5.3900,2.0192,2.0000
5.3925,2.0190,2.0000
5.3950,2.0187,2.0000
5.3975,2.0185,2.0000
5.4000,2.0182,2.0000
5.4025,2.0180,2.0000
5.4050,2.0177,2.0000
5.4075,2.0175,2.0000
5.4100,2.0173,2.0000
5.4125,2.0170,2.0000
5.4150,2.0168,2.0000
5.4175,2.0165,2.0000
5.4200,2.0163,2.0000
5.4225,2.0160,2.0000
5.4250,2.0158,2.0000
5.4275,2.0155,2.0000
5.4300,2.0153,2.0000
5.4325,2.0150,2.0000
5.4350,2.0148,2.0000
5.4375,2.0145,2.0000
5.4400,2.0143,2.0000
5.4425,2.0140,2.0000
5.4450,2.0138,2.0000
5.4475,2.0135,2.0000
5.4500,2.0133,2.0000
5.4525,2.0130,2.0000
5.4550,2.0128,2.0000
5.4575,2.0125,2.0000
5.4600,2.0123,2.0000
5.4625,2.0120,2.0000
5.4650,2.0118,2.0000
5.4675,2.0115,2.0000
5.4700,2.0113,2.0000
5.4725,2.0110,2.0000
5.4750,2.0108,2.0000
5.4775,2.0105,2.0000
5.4800,2.0103,2.0000
5.4825,2.0100,2.0000
5.4850,2.0098,2.0000
5.4875,2.0095,2.0000
5.4900,2.0093,2.0000
5.4925,2.0090,2.0000
5.4950,2.0088,2.0000
5.4975,2.0085,2.0000
5.5000,2.0082,2.0000
5.5025,2.0080,2.0000
5.5050,2.0077,2.0000
5.5075,2.0075,2.0000
5.5100,2.0072,2.0000
5.5125,2.0070,2.0000
5.5150,2.0067,2.0000
5.5175,2.0065,2.0000
5.5200,2.0062,2.0000
5.5225,2.0060,2.0000
5.5250,2.0057,2.0000
5.5275,2.0055,2.0000
5.5300,2.0052,2.0000
5.5325,2.0049,2.0000
5.5350,2.0047,2.0000
5.5375,2.0044,2.0000
5.5400,2.0042,2.0000
5.5425,2.0039,2.0000
5.5450,2.0037,2.0000
5.5475,2.0034,2.0000
5.5500,2.0032,2.0000
5.5525,2.0029,2.0000
5.5550,2.0027,2.0000
5.5575,2.0024,2.0000
5.5600,2.0022,2.0000
5.5625,2.0019,2.0000
5.5650,2.0017,2.0000
5.5675,2.0014,2.0000
5.5700,2.0011,2.0000
5.5725,2.0009,2.0000
5.5750,2.0006,2.0000
5.5775,2.0004,2.0000
5.5800,2.0001,2.0000
5.5825,1.9999,2.0000
5.5850,1.9996,2.0000
5.5875,1.9994,2.0000
5.5900,1.9991,2.0000
5.5925,1.9989,2.0000
5.5950,1.9986,2.0000
5.5975,1.9984,2.0000
5.6000,1.9981,2.0000
5.6025,1.9979,2.0000
5.6050,1.9976,2.0000
5.6075,1.9974,2.0000
5.6100,1.9971,2.0000
5.6125,1.9969,2.0000
5.6150,1.9966,2.0000
5.6175,1.9964,2.0000
5.6200,1.9961,2.0000
5.6225,1.9959,2.0000
5.6250,1.9956,2.0000
5.6275,1.9954,2.0000
5.6300,1.9951,2.0000
5.6325,1.9949,2.0000
5.6350,1.9947,2.0000
5.6375,1.9944,2.0000
5.6400,1.9942,2.0000
5.6425,1.9939,2.0000
5.6450,1.9937,2.0000
5.6475,1.9934,2.0000
5.6500,1.9932,2.0000
5.6525,1.9929,2.0000
5.6550,1.9927,2.0000
5.6575,1.9925,2.0000
5.6600,1.9922,2.0000
5.6625,1.9920,2.0000
5.6650,1.9917,2.0000
5.6675,1.9915,2.0000
5.6700,1.9913,2.0000
5.6725,1.9910,2.0000
5.6750,1.9908,2.0000
5.6775,1.9905,2.0000
5.6800,1.9903,2.0000
5.6825,1.9901,2.0000
5.6850,1.9898,2.0000
5.6875,1.9896,2.0000
5.6900,1.9893,2.0000
5.6925,1.9891,2.0000
5.6950,1.9889,2.0000
5.6975,1.9886,2.0000
5.7000,1.9884,2.0000
5.7025,1.9882,2.0000
5.7050,1.9879,2.0000
5.7075,1.9877,2.0000
5.7100,1.9875,2.0000
5.7125,1.9872,2.0000
5.7150,1.9870,2.0000
5.7175,1.9868,2.0000
5.7200,1.9865,2.0000
5.7225,1.9863,2.0000
5.7250,1.9861,2.0000
5.7275,1.9859,2.0000
5.7300,1.9856,2.0000
5.7325,1.9854,2.0000
5.7350,1.9852,2.0000
5.7375,1.9850,2.0000
5.7400,1.9847,2.0000
5.7425,1.9845,2.0000
5.7450,1.9843,2.0000
5.7475,1.9841,2.0000
5.7500,1.9838,2.0000
5.7525,1.9836,2.0000
5.7550,1.9834,2.0000
5.7575,1.9832,2.0000
5.7600,1.9830,2.0000
5.7625,1.9827,2.0000
5.7650,1.9825,2.0000
5.7675,1.9823,2.0000
5.7700,1.9821,2.0000
5.7725,1.9819,2.0000
5.7750,1.9816,2.0000
5.7775,1.9814,2.0000
5.7800,1.9812,2.0000
5.7825,1.9810,2.0000
5.7850,1.9808,2.0000
5.7875,1.9806,2.0000
5.7900,1.9804,2.0000
5.7925,1.9802,2.0000
5.7950,1.9799,2.0000
5.7975,1.9797,2.0000
5.8000,1.9795,2.0000
5.8025,1.9793,2.0000
5.8050,1.9791,2.0000
5.8075,1.9789,2.0000
5.8100,1.9787,2.0000
5.8125,1.9785,2.0000
5.8150,1.9783,2.0000
5.8175,1.9781,2.0000
5.8200,1.9779,2.0000
5.8225,1.9777,2.0000
5.8250,1.9775,2.0000
5.8275,1.9773,2.0000
5.8300,1.9771,2.0000
5.8325,1.9769,2.0000
5.8350,1.9767,2.0000
5.8375,1.9765,2.0000
5.8400,1.9763,2.0000
5.8425,1.9761,2.0000
5.8450,1.9759,2.0000
5.8475,1.9757,2.0000
5.8500,1.9755,2.0000
5.8525,1.9754,2.0000
5.8550,1.9752,2.0000
5.8575,1.9750,2.0000
5.8600,1.9748,2.0000
5.8625,1.9746,2.0000
5.8650,1.9744,2.0000
5.8675,1.9742,2.0000
5.8700,1.9740,2.0000
5.8725,1.9739,2.0000
5.8750,1.9737,2.0000
5.8775,1.9735,2.0000
5.8800,1.9733,2.0000
5.8825,1.9731,2.0000
5.8850,1.9730,2.0000
5.8875,1.9728,2.0000
5.8900,1.9726,2.0000
5.8925,1.9724,2.0000
5.8950,1.9722,2.0000
5.8975,1.9721,2.0000
5.9000,1.9719,2.0000
5.9025,1.9717,2.0000
5.9050,1.9716,2.0000
5.9075,1.9714,2.0000
5.9100,1.9712,2.0000
5.9125,1.9711,2.0000
5.9150,1.9709,2.0000
5.9175,1.9707,2.0000
5.9200,1.9706,2.0000
5.9225,1.9704,2.0000
5.9250,1.9702,2.0000
5.9275,1.9701,2.0000
5.9300,1.9699,2.0000
5.9325,1.9697,2.0000
5.9350,1.9696,2.0000
5.9375,1.9694,2.0000
5.9400,1.9693,2.0000
5.9425,1.9691,2.0000
5.9450,1.9690,2.0000
5.9475,1.9688,2.0000
5.9500,1.9687,2.0000
5.9525,1.9685,2.0000
5.9550,1.9683,2.0000
5.9575,1.9682,2.0000
5.9600,1.9680,2.0000
5.9625,1.9679,2.0000
5.9650,1.9678,2.0000
5.9675,1.9676,2.0000
5.9700,1.9675,2.0000
5.9725,1.9673,2.0000
5.9750,1.9672,2.0000
5.9775,1.9670,2.0000
5.9800,1.9669,2.0000
5.9825,1.9668,2.0000
5.9850,1.9666,2.0000
5.9875,1.9665,2.0000
5.9900,1.9663,2.0000
5.9925,1.9662,2.0000
5.9950,1.9661,2.0000
5.9975,1.9659,2.0000
6.0000,1.9658,2.0000
6.0025,1.9657,2.0000
6.0050,1.9656,2.0000
6.0075,1.9654,2.0000
6.0100,1.9653,2.0000
6.0125,1.9652,2.0000
6.0150,1.9650,2.0000
6.0175,1.9649,2.0000
6.0200,1.9648,2.0000
6.0225,1.9647,2.0000
6.0250,1.9646,2.0000
6.0275,1.9644,2.0000
6.0300,1.9643,2.0000
6.0325,1.9642,2.0000
6.0350,1.9641,2.0000
6.0375,1.9640,2.0000
6.0400,1.9639,2.0000
6.0425,1.9637,2.0000
6.0450,1.9636,2.0000
6.0475,1.9635,2.0000
6.0500,1.9634,2.0000
6.0525,1.9633,2.0000
6.0550,1.9632,2.0000
6.0575,1.9631,2.0000
6.0600,1.9630,2.0000
6.0625,1.9629,2.0000
6.0650,1.9628,2.0000
6.0675,1.9627,2.0000
6.0700,1.9626,2.0000
6.0725,1.9625,2.0000
6.0750,1.9624,2.0000
6.0775,1.9623,2.0000
6.0800,1.9622,2.0000
6.0825,1.9621,2.0000
6.0850,1.9620,2.0000
6.0875,1.9619,2.0000
6.0900,1.9618,2.0000
6.0925,1.9617,2.0000
6.0950,1.9616,2.0000
6.0975,1.9616,2.0000
6.1000,1.9615,2.0000
6.1025,1.9614,2.0000
6.1050,1.9613,2.0000
6.1075,1.9612,2.0000
6.1100,1.9611,2.0000
6.1125,1.9611,2.0000
6.1150,1.9610,2.0000
6.1175,1.9609,2.0000
6.1200,1.9608,2.0000
6.1225,1.9607,2.0000
6.1250,1.9607,2.0000
6.1275,1.9606,2.0000
6.1300,1.9605,2.0000
6.1325,1.9605,2.0000
6.1350,1.9604,2.0000
6.1375,1.9603,2.0000
6.1400,1.9603,2.0000
6.1425,1.9602,2.0000
6.1450,1.9601,2.0000
6.1475,1.9601,2.0000
6.1500,1.9600,2.0000
6.1525,1.9599,2.0000
6.1550,1.9599,2.0000
6.1575,1.9598,2.0000
6.1600,1.9598,2.0000
6.1625,1.9597,2.0000
6.1650,1.9596,2.0000
6.1675,1.9596,2.0000
6.1700,1.9595,2.0000
6.1725,1.9595,2.0000
6.1750,1.9594,2.0000
6.1775,1.9594,2.0000
6.1800,1.9593,2.0000
6.1825,1.9593,2.0000
6.1850,1.9592,2.0000
6.1875,1.9592,2.0000
6.1900,1.9591,2.0000
6.1925,1.9591,2.0000
6.1950,1.9591,2.0000
6.1975,1.9590,2.0000
6.2000,1.9590,2.0000
6.2025,1.9589,2.0000
6.2050,1.9589,2.0000
6.2075,1.9589,2.0000
6.2100,1.9588,2.0000
6.2125,1.9588,2.0000
6.2150,1.9588,2.0000
6.2175,1.9587,2.0000
6.2200,1.9587,2.0000
6.2225,1.9587,2.0000
6.2250,1.9586,2.0000
6.2275,1.9586,2.0000
6.2300,1.9586,2.0000
6.2325,1.9586,2.0000
6.2350,1.9585,2.0000
6.2375,1.9585,2.0000
6.2400,1.9585,2.0000
6.2425,1.9585,2.0000
6.2450,1.9585,2.0000
6.2475,1.9584,2.0000
6.2500,1.9584,2.0000
6.2525,1.9584,2.0000
6.2550,1.9584,2.0000
6.2575,1.9584,2.0000
6.2600,1.9584,2.0000
6.2625,1.9584,2.0000
6.2650,1.9584,2.0000
6.2675,1.9583,2.0000
6.2700,1.9583,2.0000
6.2725,1.9583,2.0000
6.2750,1.9583,2.0000
6.2775,1.9583,2.0000
6.2800,1.9583,2.0000
6.2825,1.9583,2.0000
6.2850,1.9583,2.0000
6.2875,1.9583,2.0000
6.2900,1.9583,2.0000
6.2925,1.9583,2.0000
6.2950,1.9583,2.0000
6.2975,1.9583,2.0000
6.3000,1.9583,2.0000
6.3025,1.9584,2.0000
6.3050,1.9584,2.0000
6.3075,1.9584,2.0000
6.3100,1.9584,2.0000
6.3125,1.9584,2.0000
6.3150,1.9584,2.0000
6.3175,1.9584,2.0000
6.3200,1.9584,2.0000
6.3225,1.9584,2.0000
6.3250,1.9585,2.0000
6.3275,1.9585,2.0000
6.3300,1.9585,2.0000
6.3325,1.9585,2.0000
6.3350,1.9585,2.0000
6.3375,1.9586,2.0000
6.3400,1.9586,2.0000
6.3425,1.9586,2.0000
6.3450,1.9586,2.0000
6.3475,1.9587,2.0000
6.3500,1.9587,2.0000
6.3525,1.9587,2.0000
6.3550,1.9588,2.0000
6.3575,1.9588,2.0000
6.3600,1.9588,2.0000
6.3625,1.9589,2.0000
6.3650,1.9589,2.0000
6.3675,1.9589,2.0000
6.3700,1.9590,2.0000
6.3725,1.9590,2.0000
6.3750,1.9590,2.0000
6.3775,1.9591,2.0000
6.3800,1.9591,2.0000
6.3825,1.9592,2.0000
6.3850,1.9592,2.0000
6.3875,1.9592,2.0000
6.3900,1.9593,2.0000
6.3925,1.9593,2.0000
6.3950,1.9594,2.0000
6.3975,1.9594,2.0000
6.4000,1.9595,2.0000
6.4025,1.9595,2.0000
6.4050,1.9596,2.0000
6.4075,1.9596,2.0000
6.4100,1.9597,2.0000
6.4125,1.9597,2.0000
6.4150,1.9598,2.0000
6.4175,1.9599,2.0000
6.4200,1.9599,2.0000
6.4225,1.9600,2.0000
6.4250,1.9600,2.0000
6.4275,1.9601,2.0000
6.4300,1.9601,2.0000
6.4325,1.9602,2.0000
6.4350,1.9603,2.0000
6.4375,1.9603,2.0000
6.4400,1.9604,2.0000
6.4425,1.9605,2.0000
6.4450,1.9605,2.0000
6.4475,1.9606,2.0000
6.4500,1.9607,2.0000
6.4525,1.9607,2.0000
6.4550,1.9608,2.0000
6.4575,1.9609,2.0000
6.4600,1.9610,2.0000
6.4625,1.9610,2.0000
6.4650,1.9611,2.0000
6.4675,1.9612,2.0000
6.4700,1.9613,2.0000
6.4725,1.9613,2.0000
6.4750,1.9614,2.0000
6.4775,1.9615,2.0000
6.4800,1.9616,2.0000
6.4825,1.9616,2.0000
6.4850,1.9617,2.0000
6.4875,1.9618,2.0000
6.4900,1.9619,2.0000
6.4925,1.9620,2.0000
6.4950,1.9621,2.0000
6.4975,1.9622,2.0000
6.5000,1.9622,2.0000
6.5025,1.9623,2.0000
6.5050,1.9624,2.0000
6.5075,1.9625,2.0000
6.5100,1.9626,2.0000
6.5125,1.9627,2.0000
6.5150,1.9628,2.0000
6.5175,1.9629,2.0000
6.5200,1.9630,2.0000
6.5225,1.9631,2.0000
6.5250,1.9632,2.0000
6.5275,1.9632,2.0000
6.5300,1.9633,2.0000
6.5325,1.9634,2.0000
6.5350,1.9635,2.0000
6.5375,1.9636,2.0000
6.5400,1.9637,2.0000
6.5425,1.9638,2.0000
6.5450,1.9639,2.0000
6.5475,1.9640,2.0000
6.5500,1.9642,2.0000
6.5525,1.9643,2.0000
6.5550,1.9644,2.0000
6.5575,1.9645,2.0000
6.5600,1.9646,2.0000
6.5625,1.9647,2.0000
6.5650,1.9648,2.0000
6.5675,1.9649,2.0000
6.5700,1.9650,2.0000
6.5725,1.9651,2.0000
6.5750,1.9652,2.0000
6.5775,1.9653,2.0000
6.5800,1.9655,2.0000
6.5825,1.9656,2.0000
6.5850,1.9657,2.0000
6.5875,1.9658,2.0000
6.5900,1.9659,2.0000
6.5925,1.9660,2.0000
6.5950,1.9661,2.0000
6.5975,1.9663,2.0000
6.6000,1.9664,2.0000
6.6025,1.9665,2.0000
6.6050,1.9666,2.0000
6.6075,1.9667,2.0000
6.6100,1.9669,2.0000
6.6125,1.9670,2.0000
6.6150,1.9671,2.0000
6.6175,1.9672,2.0000
6.6200,1.9674,2.0000
6.6225,1.9675,2.0000
6.6250,1.9676,2.0000
6.6275,1.9677,2.0000
6.6300,1.9679,2.0000
6.6325,1.9680,2.0000
6.6350,1.9681,2.0000
6.6375,1.9682,2.0000
6.6400,1.9684,2.0000
6.6425,1.9685,2.0000
6.6450,1.9686,2.0000
6.6475,1.9688,2.0000
6.6500,1.9689,2.0000
6.6525,1.9690,2.0000
6.6550,1.9691,2.0000
6.6575,1.9693,2.0000
6.6600,1.9694,2.0000
6.6625,1.9695,2.0000
6.6650,1.9697,2.0000
6.6675,1.9698,2.0000
6.6700,1.9700,2.0000
6.6725,1.9701,2.0000
6.6750,1.9702,2.0000
6.6775,1.9704,2.0000
6.6800,1.9705,2.0000
6.6825,1.9706,2.0000
6.6850,1.9708,2.0000
6.6875,1.9709,2.0000
6.6900,1.9711,2.0000
6.6925,1.9712,2.0000
6.6950,1.9713,2.0000
6.6975,1.9715,2.0000
6.7000,1.9716,2.0000
6.7025,1.9718,2.0000
6.7050,1.9719,2.0000
6.7075,1.9721,2.0000
6.7100,1.9722,2.0000
6.7125,1.9723,2.0000
6.7150,1.9725,2.0000
6.7175,1.9726,2.0000
6.7200,1.9728,2.0000
6.7225,1.9729,2.0000
6.7250,1.9731,2.0000
6.7275,1.9732,2.0000
6.7300,1.9734,2.0000
6.7325,1.9735,2.0000
6.7350,1.9737,2.0000
6.7375,1.9738,2.0000
6.7400,1.9740,2.0000
6.7425,1.9741,2.0000
6.7450,1.9743,2.0000
6.7475,1.9744,2.0000
6.7500,1.9746,2.0000
6.7525,1.9747,2.0000
6.7550,1.9749,2.0000
6.7575,1.9750,2.0000
6.7600,1.9752,2.0000
6.7625,1.9753,2.0000
6.7650,1.9755,2.0000
6.7675,1.9756,2.0000
6.7700,1.9758,2.0000
6.7725,1.9760,2.0000
6.7750,1.9761,2.0000
6.7775,1.9763,2.0000
6.7800,1.9764,2.0000
6.7825,1.9766,2.0000
6.7850,1.9767,2.0000
6.7875,1.9769,2.0000
6.7900,1.9770,2.0000
6.7925,1.9772,2.0000
6.7950,1.9774,2.0000
6.7975,1.9775,2.0000
6.8000,1.9777,2.0000
6.8025,1.9778,2.0000
6.8050,1.9780,2.0000
6.8075,1.9782,2.0000
6.8100,1.9783,2.0000
6.8125,1.9785,2.0000
6.8150,1.9786,2.0000
6.8175,1.9788,2.0000
6.8200,1.9790,2.0000
6.8225,1.9791,2.0000
6.8250,1.9793,2.0000
6.8275,1.9794,2.0000
6.8300,1.9796,2.0000
6.8325,1.9798,2.0000
6.8350,1.9799,2.0000
6.8375,1.9801,2.0000
6.8400,1.9802,2.0000
6.8425,1.9804,2.0000
6.8450,1.9806,2.0000
6.8475,1.9807,2.0000
6.8500,1.9809,2.0000
6.8525,1.9811,2.0000
6.8550,1.9812,2.0000
6.8575,1.9814,2.0000
6.8600,1.9816,2.0000
6.8625,1.9817,2.0000
6.8650,1.9819,2.0000
6.8675,1.9820,2.0000
6.8700,1.9822,2.0000
6.8725,1.9824,2.0000
6.8750,1.9825,2.0000
6.8775,1.9827,2.0000
6.8800,1.9829,2.0000
6.8825,1.9830,2.0000
6.8850,1.9832,2.0000
6.8875,1.9834,2.0000
6.8900,1.9835,2.0000
6.8925,1.9837,2.0000
6.8950,1.9839,2.0000
6.8975,1.9840,2.0000
6.9000,1.9842,2.0000
6.9025,1.9844,2.0000
6.9050,1.9845,2.0000
6.9075,1.9847,2.0000
6.9100,1.9849,2.0000
6.9125,1.9850,2.0000
6.9150,1.9852,2.0000
6.9175,1.9854,2.0000
6.9200,1.9855,2.0000
6.9225,1.9857,2.0000
6.9250,1.9859,2.0000
6.9275,1.9860,2.0000
6.9300,1.9862,2.0000
6.9325,1.9864,2.0000
6.9350,1.9865,2.0000
6.9375,1.9867,2.0000
6.9400,1.9869,2.0000
6.9425,1.9870,2.0000
6.9450,1.9872,2.0000
6.9475,1.9874,2.0000
6.9500,1.9875,2.0000
6.9525,1.9877,2.0000
6.9550,1.9879,2.0000
6.9575,1.9880,2.0000
6.9600,1.9882,2.0000
6.9625,1.9884,2.0000
6.9650,1.9885,2.0000
6.9675,1.9887,2.0000
6.9700,1.9889,2.0000
6.9725,1.9890,2.0000
6.9750,1.9892,2.0000
6.9775,1.9894,2.0000
6.9800,1.9895,2.0000
6.9825,1.9897,2.0000
6.9850,1.9899,2.0000
6.9875,1.9900,2.0000
6.9900,1.9902,2.0000
6.9925,1.9904,2.0000
6.9950,1.9905,2.0000
6.9975,1.9907,2.0000
7.0000,1.9908,2.0000
7.0025,1.9910,2.0000
7.0050,1.9912,2.0000
7.0075,1.9913,2.0000
7.0100,1.9915,2.0000
7.0125,1.9917,2.0000
7.0150,1.9918,2.0000
7.0175,1.9920,2.0000
7.0200,1.9922,2.0000
7.0225,1.9923,2.0000
7.0250,1.9925,2.0000
7.0275,1.9927,2.0000
7.0300,1.9928,2.0000
7.0325,1.9930,2.0000
7.0350,1.9932,2.0000
7.0375,1.9933,2.0000
7.0400,1.9935,2.0000
7.0425,1.9936,2.0000
7.0450,1.9938,2.0000
7.0475,1.9940,2.0000
7.0500,1.9941,2.0000
7.0525,1.9943,2.0000
7.0550,1.9945,2.0000
7.0575,1.9946,2.0000
7.0600,1.9948,2.0000
7.0625,1.9949,2.0000
7.0650,1.9951,2.0000
7.0675,1.9953,2.0000
7.0700,1.9954,2.0000
7.0725,1.9956,2.0000
7.0750,1.9957,2.0000
7.0775,1.9959,2.0000
7.0800,1.9961,2.0000
7.0825,1.9962,2.0000
7.0850,1.9964,2.0000
7.0875,1.9965,2.0000
7.0900,1.9967,2.0000
7.0925,1.9969,2.0000
7.0950,1.9970,2.0000
7.0975,1.9972,2.0000
7.1000,1.9973,2.0000
7.1025,1.9975,2.0000
7.1050,1.9976,2.0000
7.1075,1.9978,2.0000
7.1100,1.9980,2.0000
7.1125,1.9981,2.0000
7.1150,1.9983,2.0000
7.1175,1.9984,2.0000
7.1200,1.9986,2.0000
7.1225,1.9987,2.0000
7.1250,1.9989,2.0000
7.1275,1.9990,2.0000
7.1300,1.9992,2.0000
7.1325,1.9994,2.0000
7.1350,1.9995,2.0000
7.1375,1.9997,2.0000
7.1400,1.9998,2.0000
7.1425,2.0000,2.0000
7.1450,2.0001,2.0000
7.1475,2.0003,2.0000
7.1500,2.0004,2.0000
7.1525,2.0006,2.0000
7.1550,2.0007,2.0000
7.1575,2.0009,2.0000
7.1600,2.0010,2.0000
7.1625,2.0012,2.0000
7.1650,2.0013,2.0000
7.1675,2.0015,2.0000
7.1700,2.0016,2.0000
7.1725,2.0018,2.0000
7.1750,2.0019,2.0000
7.1775,2.0021,2.0000
7.1800,2.0022,2.0000
7.1825,2.0024,2.0000
7.1850,2.0025,2.0000
7.1875,2.0026,2.0000
7.1900,2.0028,2.0000
7.1925,2.0029,2.0000
7.1950,2.0031,2.0000
7.1975,2.0032,2.0000
7.2000,2.0034,2.0000
7.2025,2.0035,2.0000
7.2050,2.0036,2.0000
7.2075,2.0038,2.0000
7.2100,2.0039,2.0000
7.2125,2.0041,2.0000
7.2150,2.0042,2.0000
7.2175,2.0044,2.0000
7.2200,2.0045,2.0000
7.2225,2.0046,2.0000
7.2250,2.0048,2.0000
7.2275,2.0049,2.0000
7.2300,2.0050,2.0000
7.2325,2.0052,2.0000
7.2350,2.0053,2.0000
7.2375,2.0055,2.0000
7.2400,2.0056,2.0000
7.2425,2.0057,2.0000
7.2450,2.0059,2.0000
7.2475,2.0060,2.0000
7.2500,2.0061,2.0000
7.2525,2.0063,2.0000
7.2550,2.0064,2.0000
7.2575,2.0065,2.0000
7.2600,2.0067,2.0000
7.2625,2.0068,2.0000
7.2650,2.0069,2.0000
7.2675,2.0071,2.0000
7.2700,2.0072,2.0000
7.2725,2.0073,2.0000
7.2750,2.0074,2.0000
7.2775,2.0076,2.0000
7.2800,2.0077,2.0000
7.2825,2.0078,2.0000
7.2850,2.0079,2.0000
7.2875,2.0081,2.0000
7.2900,2.0082,2.0000
7.2925,2.0083,2.0000
7.2950,2.0084,2.0000
7.2975,2.0086,2.0000
7.3000,2.0087,2.0000
7.3025,2.0088,2.0000
7.3050,2.0089,2.0000
7.3075,2.0091,2.0000
7.3100,2.0092,2.0000
7.3125,2.0093,2.0000
7.3150,2.0094,2.0000
7.3175,2.0095,2.0000
7.3200,2.0097,2.0000
7.3225,2.0098,2.0000
7.3250,2.0099,2.0000
7.3275,2.0100,2.0000
7.3300,2.0101,2.0000
7.3325,2.0102,2.0000
7.3350,2.0104,2.0000
7.3375,2.0105,2.0000
7.3400,2.0106,2.0000
7.3425,2.0107,2.0000
7.3450,2.0108,2.0000
7.3475,2.0109,2.0000
7.3500,2.0110,2.0000
7.3525,2.0111,2.0000
7.3550,2.0113,2.0000
7.3575,2.0114,2.0000
7.3600,2.0115,2.0000
7.3625,2.0116,2.0000
7.3650,2.0117,2.0000
7.3675,2.0118,2.0000
7.3700,2.0119,2.0000
7.3725,2.0120,2.0000
7.3750,2.0121,2.0000
7.3775,2.0122,2.0000
7.3800,2.0123,2.0000
7.3825,2.0124,2.0000
7.3850,2.0125,2.0000
7.3875,2.0126,2.0000
7.3900,2.0127,2.0000
7.3925,2.0128,2.0000
7.3950,2.0129,2.0000
7.3975,2.0130,2.0000
7.4000,2.0131,2.0000
7.4025,2.0132,2.0000
7.4050,2.0133,2.0000
7.4075,2.0134,2.0000
7.4100,2.0135,2.0000
7.4125,2.0136,2.0000
7.4150,2.0137,2.0000
7.4175,2.0138,2.0000
7.4200,2.0139,2.0000
7.4225,2.0140,2.0000
7.4250,2.0141,2.0000
7.4275,2.0142,2.0000
7.4300,2.0143,2.0000
7.4325,2.0144,2.0000
7.4350,2.0145,2.0000
7.4375,2.0145,2.0000
7.4400,2.0146,2.0000
7.4425,2.0147,2.0000
7.4450,2.0148,2.0000
7.4475,2.0149,2.0000
7.4500,2.0150,2.0000
7.4525,2.0151,2.0000
7.4550,2.0151,2.0000
7.4575,2.0152,2.0000
7.4600,2.0153,2.0000
7.4625,2.0154,2.0000
7.4650,2.0155,2.0000
7.4675,2.0156,2.0000
7.4700,2.0156,2.0000
7.4725,2.0157,2.0000
7.4750,2.0158,2.0000
7.4775,2.0159,2.0000
7.4800,2.0160,2.0000
7.4825,2.0160,2.0000
7.4850,2.0161,2.0000
7.4875,2.0162,2.0000
7.4900,2.0163,2.0000
7.4925,2.0163,2.0000
7.4950,2.0164,2.0000
7.4975,2.0165,2.0000
7.5000,2.0165,2.0000
7.5025,2.0166,2.0000
7.5050,2.0167,2.0000
7.5075,2.0168,2.0000
7.5100,2.0168,2.0000
7.5125,2.0169,2.0000
7.5150,2.0170,2.0000
7.5175,2.0170,2.0000
7.5200,2.0171,2.0000
7.5225,2.0172,2.0000
7.5250,2.0172,2.0000
7.5275,2.0173,2.0000
7.5300,2.0174,2.0000
7.5325,2.0174,2.0000
7.5350,2.0175,2.0000
7.5375,2.0175,2.0000
7.5400,2.0176,2.0000
7.5425,2.0177,2.0000
7.5450,2.0177,2.0000
7.5475,2.0178,2.0000
7.5500,2.0178,2.0000
7.5525,2.0179,2.0000
7.5550,2.0180,2.0000
7.5575,2.0180,2.0000
7.5600,2.0181,2.0000
7.5625,2.0181,2.0000
7.5650,2.0182,2.0000
7.5675,2.0182,2.0000
7.5700,2.0183,2.0000
7.5725,2.0183,2.0000
7.5750,2.0184,2.0000
7.5775,2.0184,2.0000
7.5800,2.0185,2.0000
7.5825,2.0185,2.0000
7.5850,2.0186,2.0000
7.5875,2.0186,2.0000
7.5900,2.0187,2.0000
7.5925,2.0187,2.0000
7.5950,2.0188,2.0000
7.5975,2.0188,2.0000
7.6000,2.0188,2.0000
7.6025,2.0189,2.0000
7.6050,2.0189,2.0000
7.6075,2.0190,2.0000
7.6100,2.0190,2.0000
7.6125,2.0191,2.0000
7.6150,2.0191,2.0000
7.6175,2.0191,2.0000
7.6200,2.0192,2.0000
7.6225,2.0192,2.0000
7.6250,2.0192,2.0000
7.6275,2.0193,2.0000
7.6300,2.0193,2.0000
7.6325,2.0194,2.0000
7.6350,2.0194,2.0000
7.6375,2.0194,2.0000
7.6400,2.0194,2.0000
7.6425,2.0195,2.0000
7.6450,2.0195,2.0000
7.6475,2.0195,2.0000
7.6500,2.0196,2.0000
7.6525,2.0196,2.0000
7.6550,2.0196,2.0000
7.6575,2.0197,2.0000
7.6600,2.0197,2.0000
7.6625,2.0197,2.0000
7.6650,2.0197,2.0000
7.6675,2.0198,2.0000
7.6700,2.0198,2.0000
7.6725,2.0198,2.0000
7.6750,2.0198,2.0000
7.6775,2.0199,2.0000
7.6800,2.0199,2.0000
7.6825,2.0199,2.0000
7.6850,2.0199,2.0000
7.6875,2.0199,2.0000
7.6900,2.0199,2.0000
7.6925,2.0200,2.0000
7.6950,2.0200,2.0000
7.6975,2.0200,2.0000
7.7000,2.0200,2.0000
7.7025,2.0200,2.0000
7.7050,2.0200,2.0000
7.7075,2.0201,2.0000
7.7100,2.0201,2.0000
7.7125,2.0201,2.0000
7.7150,2.0201,2.0000
7.7175,2.0201,2.0000
7.7200,2.0201,2.0000
7.7225,2.0201,2.0000
7.7250,2.0201,2.0000
7.7275,2.0201,2.0000
7.7300,2.0201,2.0000
7.7325,2.0202,2.0000
7.7350,2.0202,2.0000
7.7375,2.0202,2.0000
7.7400,2.0202,2.0000
7.7425,2.0202,2.0000
7.7450,2.0202,2.0000
7.7475,2.0202,2.0000
7.7500,2.0202,2.0000
7.7525,2.0202,2.0000
7.7550,2.0202,2.0000
7.7575,2.0202,2.0000
7.7600,2.0202,2.0000
7.7625,2.0202,2.0000
7.7650,2.0202,2.0000
7.7675,2.0202,2.0000
7.7700,2.0202,2.0000
7.7725,2.0202,2.0000
7.7750,2.0202,2.0000
7.7775,2.0202,2.0000
7.7800,2.0202,2.0000
7.7825,2.0201,2.0000
7.7850,2.0201,2.0000
7.7875,2.0201,2.0000
7.7900,2.0201,2.0000
7.7925,2.0201,2.0000
7.7950,2.0201,2.0000
7.7975,2.0201,2.0000
7.8000,2.0201,2.0000
7.8025,2.0201,2.0000
7.8050,2.0201,2.0000
7.8075,2.0200,2.0000
7.8100,2.0200,2.0000
7.8125,2.0200,2.0000
7.8150,2.0200,2.0000
7.8175,2.0200,2.0000
7.8200,2.0200,2.0000
7.8225,2.0200,2.0000
7.8250,2.0199,2.0000
7.8275,2.0199,2.0000
7.8300,2.0199,2.0000
7.8325,2.0199,2.0000
7.8350,2.0199,2.0000
7.8375,2.0198,2.0000
7.8400,2.0198,2.0000
7.8425,2.0198,2.0000
7.8450,2.0198,2.0000
7.8475,2.0198,2.0000
7.8500,2.0197,2.0000
7.8525,2.0197,2.0000
7.8550,2.0197,2.0000
7.8575,2.0197,2.0000
7.8600,2.0196,2.0000
7.8625,2.0196,2.0000
7.8650,2.0196,2.0000
7.8675,2.0195,2.0000
7.8700,2.0195,2.0000
7.8725,2.0195,2.0000
7.8750,2.0195,2.0000
7.8775,2.0194,2.0000
7.8800,2.0194,2.0000
7.8825,2.0194,2.0000
7.8850,2.0193,2.0000
7.8875,2.0193,2.0000
7.8900,2.0193,2.0000
7.8925,2.0192,2.0000
7.8950,2.0192,2.0000
7.8975,2.0192,2.0000
7.9000,2.0191,2.0000
7.9025,2.0191,2.0000
7.9050,2.0191,2.0000
7.9075,2.0190,2.0000
7.9100,2.0190,2.0000
7.9125,2.0189,2.0000
7.9150,2.0189,2.0000
7.9175,2.0189,2.0000
7.9200,2.0188,2.0000
7.9225,2.0188,2.0000
7.9250,2.0187,2.0000
7.9275,2.0187,2.0000
7.9300,2.0187,2.0000
7.9325,2.0186,2.0000
7.9350,2.0186,2.0000
7.9375,2.0185,2.0000
7.9400,2.0185,2.0000
7.9425,2.0184,2.0000
7.9450,2.0184,2.0000
7.9475,2.0184,2.0000
7.9500,2.0183,2.0000
7.9525,2.0183,2.0000
7.9550,2.0182,2.0000
7.9575,2.0182,2.0000
7.9600,2.0181,2.0000
7.9625,2.0181,2.0000
7.9650,2.0180,2.0000
7.9675,2.0180,2.0000
7.9700,2.0179,2.0000
7.9725,2.0179,2.0000
7.9750,2.0178,2.0000
7.9775,2.0178,2.0000
7.9800,2.0177,2.0000
7.9825,2.0177,2.0000
7.9850,2.0176,2.0000
7.9875,2.0176,2.0000
7.9900,2.0175,2.0000
7.9925,2.0174,2.0000
7.9950,2.0174,2.0000
7.9975,2.0173,2.0000
8.0000,2.0173,2.0000
8.0025,2.0172,2.0000
8.0050,2.0172,2.0000
8.0075,2.0171,2.0000
8.0100,2.0171,2.0000
8.0125,2.0170,2.0000
8.0150,2.0169,2.0000
8.0175,2.0169,2.0000
8.0200,2.0168,2.0000
8.0225,2.0168,2.0000
8.0250,2.0167,2.0000
8.0275,2.0166,2.0000
8.0300,2.0166,2.0000
8.0325,2.0165,2.0000
8.0350,2.0164,2.0000
8.0375,2.0164,2.0000
8.0400,2.0163,2.0000
8.0425,2.0163,2.0000
8.0450,2.0162,2.0000
8.0475,2.0161,2.0000
8.0500,2.0161,2.0000
8.0525,2.0160,2.0000
8.0550,2.0159,2.0000
8.0575,2.0159,2.0000
8.0600,2.0158,2.0000
8.0625,2.0157,2.0000
8.0650,2.0157,2.0000
8.0675,2.0156,2.0000
8.0700,2.0155,2.0000
8.0725,2.0155,2.0000
8.0750,2.0154,2.0000
8.0775,2.0153,2.0000
8.0800,2.0153,2.0000
8.0825,2.0152,2.0000
8.0850,2.0151,2.0000
8.0875,2.0150,2.0000
8.0900,2.0150,2.0000
8.0925,2.0149,2.0000
8.0950,2.0148,2.0000
8.0975,2.0148,2.0000
8.1000,2.0147,2.0000
8.1025,2.0146,2.0000
8.1050,2.0145,2.0000
8.1075,2.0145,2.0000
8.1100,2.0144,2.0000
8.1125,2.0143,2.0000
8.1150,2.0142,2.0000
8.1175,2.0142,2.0000
8.1200,2.0141,2.0000
8.1225,2.0140,2.0000
8.1250,2.0139,2.0000
8.1275,2.0139,2.0000
8.1300,2.0138,2.0000
8.1325,2.0137,2.0000
8.1350,2.0136,2.0000
8.1375,2.0136,2.0000
8.1400,2.0135,2.0000
8.1425,2.0134,2.0000
8.1450,2.0133,2.0000
8.1475,2.0132,2.0000
8.1500,2.0132,2.0000
8.1525,2.0131,2.0000
8.1550,2.0130,2.0000
8.1575,2.0129,2.0000
8.1600,2.0128,2.0000
8.1625,2.0128,2.0000
8.1650,2.0127,2.0000
8.1675,2.0126,2.0000
8.1700,2.0125,2.0000
8.1725,2.0124,2.0000
8.1750,2.0124,2.0000
8.1775,2.0123,2.0000
8.1800,2.0122,2.0000
8.1825,2.0121,2.0000
8.1850,2.0120,2.0000
8.1875,2.0120,2.0000
8.1900,2.0119,2.0000
8.1925,2.0118,2.0000
8.1950,2.0117,2.0000
8.1975,2.0116,2.0000
8.2000,2.0115,2.0000
8.2025,2.0114,2.0000
8.2050,2.0114,2.0000
8.2075,2.0113,2.0000
8.2100,2.0112,2.0000
8.2125,2.0111,2.0000
8.2150,2.0110,2.0000
8.2175,2.0109,2.0000
8.2200,2.0109,2.0000
8.2225,2.0108,2.0000
8.2250,2.0107,2.0000
8.2275,2.0106,2.0000
8.2300,2.0105,2.0000
8.2325,2.0104,2.0000
8.2350,2.0103,2.0000
8.2375,2.0102,2.0000
8.2400,2.0102,2.0000
8.2425,2.0101,2.0000
8.2450,2.0100,2.0000
8.2475,2.0099,2.0000
8.2500,2.0098,2.0000
8.2525,2.0097,2.0000
8.2550,2.0096,2.0000
8.2575,2.0095,2.0000
8.2600,2.0094,2.0000
8.2625,2.0094,2.0000
8.2650,2.0093,2.0000
8.2675,2.0092,2.0000
8.2700,2.0091,2.0000
8.2725,2.0090,2.0000
8.2750,2.0089,2.0000
8.2775,2.0088,2.0000
8.2800,2.0087,2.0000
8.2825,2.0086,2.0000
8.2850,2.0086,2.0000
8.2875,2.0085,2.0000
8.2900,2.0084,2.0000
8.2925,2.0083,2.0000
8.2950,2.0082,2.0000
8.2975,2.0081,2.0000
8.3000,2.0080,2.0000
8.3025,2.0079,2.0000
8.3050,2.0078,2.0000
8.3075,2.0077,2.0000
8.3100,2.0076,2.0000
8.3125,2.0076,2.0000
8.3150,2.0075,2.0000
8.3175,2.0074,2.0000
8.3200,2.0073,2.0000
8.3225,2.0072,2.0000
8.3250,2.0071,2.0000
8.3275,2.0070,2.0000
8.3300,2.0069,2.0000
8.3325,2.0068,2.0000
8.3350,2.0067,2.0000
8.3375,2.0066,2.0000
8.3400,2.0065,2.0000
8.3425,2.0064,2.0000
8.3450,2.0064,2.0000
8.3475,2.0063,2.0000
8.3500,2.0062,2.0000
8.3525,2.0061,2.0000
8.3550,2.0060,2.0000
8.3575,2.0059,2.0000
8.3600,2.0058,2.0000
8.3625,2.0057,2.0000
8.3650,2.0056,2.0000
8.3675,2.0055,2.0000
8.3700,2.0054,2.0000
8.3725,2.0053,2.0000
8.3750,2.0052,2.0000
8.3775,2.0051,2.0000
8.3800,2.0051,2.0000
8.3825,2.0050,2.0000
8.3850,2.0049,2.0000
8.3875,2.0048,2.0000
8.3900,2.0047,2.0000
8.3925,2.0046,2.0000
8.3950,2.0045,2.0000
8.3975,2.0044,2.0000
8.4000,2.0043,2.0000
8.4025,2.0042,2.0000
8.4050,2.0041,2.0000
8.4075,2.0040,2.0000
8.4100,2.0039,2.0000
8.4125,2.0038,2.0000
8.4150,2.0038,2.0000
8.4175,2.0037,2.0000
8.4200,2.0036,2.0000
8.4225,2.0035,2.0000
8.4250,2.0034,2.0000
8.4275,2.0033,2.0000
8.4300,2.0032,2.0000
8.4325,2.0031,2.0000
8.4350,2.0030,2.0000
8.4375,2.0029,2.0000
8.4400,2.0028,2.0000
8.4425,2.0027,2.0000
8.4450,2.0026,2.0000
8.4475,2.0025,2.0000
8.4500,2.0025,2.0000
8.4525,2.0024,2.0000
8.4550,2.0023,2.0000
8.4575,2.0022,2.0000
8.4600,2.0021,2.0000
8.4625,2.0020,2.0000
8.4650,2.0019,2.0000
8.4675,2.0018,2.0000
8.4700,2.0017,2.0000
8.4725,2.0016,2.0000
8.4750,2.0015,2.0000
8.4775,2.0014,2.0000
8.4800,2.0014,2.0000
8.4825,2.0013,2.0000
8.4850,2.0012,2.0000
8.4875,2.0011,2.0000
8.4900,2.0010,2.0000
8.4925,2.0009,2.0000
8.4950,2.0008,2.0000
8.4975,2.0007,2.0000
8.5000,2.0006,2.0000
8.5025,2.0005,2.0000
8.5050,2.0004,2.0000
8.5075,2.0004,2.0000
8.5100,2.0003,2.0000
8.5125,2.0002,2.0000
8.5150,2.0001,2.0000
8.5175,2.0000,2.0000
8.5200,1.9999,2.0000
8.5225,1.9998,2.0000
8.5250,1.9997,2.0000
8.5275,1.9996,2.0000
8.5300,1.9996,2.0000
8.5325,1.9995,2.0000
8.5350,1.9994,2.0000
8.5375,1.9993,2.0000
8.5400,1.9992,2.0000
8.5425,1.9991,2.0000
8.5450,1.9990,2.0000
8.5475,1.9989,2.0000
8.5500,1.9988,2.0000
8.5525,1.9988,2.0000
8.5550,1.9987,2.0000
8.5575,1.9986,2.0000
8.5600,1.9985,2.0000
8.5625,1.9984,2.0000
8.5650,1.9983,2.0000
8.5675,1.9982,2.0000
8.5700,1.9982,2.0000
8.5725,1.9981,2.0000
8.5750,1.9980,2.0000
8.5775,1.9979,2.0000
8.5800,1.9978,2.0000
8.5825,1.9977,2.0000
8.5850,1.9976,2.0000
8.5875,1.9976,2.0000
8.5900,1.9975,2.0000
8.5925,1.9974,2.0000
8.5950,1.9973,2.0000
8.5975,1.9972,2.0000
8.6000,1.9971,2.0000
8.6025,1.9971,2.0000
8.6050,1.9970,2.0000
8.6075,1.9969,2.0000
8.6100,1.9968,2.0000
8.6125,1.9967,2.0000
8.6150,1.9966,2.0000
8.6175,1.9966,2.0000
8.6200,1.9965,2.0000
8.6225,1.9964,2.0000
8.6250,1.9963,2.0000
8.6275,1.9962,2.0000
8.6300,1.9962,2.0000
8.6325,1.9961,2.0000
8.6350,1.9960,2.0000
8.6375,1.9959,2.0000
8.6400,1.9958,2.0000
8.6425,1.9958,2.0000
8.6450,1.9957,2.0000
8.6475,1.9956,2.0000
8.6500,1.9955,2.0000
8.6525,1.9954,2.0000
8.6550,1.9954,2.0000
8.6575,1.9953,2.0000
8.6600,1.9952,2.0000
8.6625,1.9951,2.0000
8.6650,1.9950,2.0000
8.6675,1.9950,2.0000
8.6700,1.9949,2.0000
8.6725,1.9948,2.0000
8.6750,1.9947,2.0000
8.6775,1.9947,2.0000
8.6800,1.9946,2.0000
8.6825,1.9945,2.0000
8.6850,1.9944,2.0000
8.6875,1.9944,2.0000
8.6900,1.9943,2.0000
8.6925,1.9942,2.0000
8.6950,1.9941,2.0000
8.6975,1.9941,2.0000
8.7000,1.9940,2.0000
8.7025,1.9939,2.0000
8.7050,1.9939,2.0000
8.7075,1.9938,2.0000
8.7100,1.9937,2.0000
8.7125,1.9936,2.0000
8.7150,1.9936,2.0000
8.7175,1.9935,2.0000
8.7200,1.9934,2.0000
8.7225,1.9934,2.0000
8.7250,1.9933,2.0000
8.7275,1.9932,2.0000
8.7300,1.9931,2.0000
8.7325,1.9931,2.0000
8.7350,1.9930,2.0000
8.7375,1.9929,2.0000
8.7400,1.9929,2.0000
8.7425,1.9928,2.0000
8.7450,1.9927,2.0000
8.7475,1.9927,2.0000
8.7500,1.9926,2.0000
8.7525,1.9925,2.0000
8.7550,1.9925,2.0000
8.7575,1.9924,2.0000
8.7600,1.9923,2.0000
8.7625,1.9923,2.0000
8.7650,1.9922,2.0000
8.7675,1.9921,2.0000
8.7700,1.9921,2.0000
8.7725,1.9920,2.0000
8.7750,1.9919,2.0000
8.7775,1.9919,2.0000
8.7800,1.9918,2.0000
8.7825,1.9918,2.0000
8.7850,1.9917,2.0000
8.7875,1.9916,2.0000
8.7900,1.9916,2.0000
8.7925,1.9915,2.0000
8.7950,1.9914,2.0000
8.7975,1.9914,2.0000
8.8000,1.9913,2.0000
8.8025,1.9913,2.0000
8.8050,1.9912,2.0000
8.8075,1.9911,2.0000
8.8100,1.9911,2.0000
8.8125,1.9910,2.0000
8.8150,1.9910,2.0000
8.8175,1.9909,2.0000
8.8200,1.9909,2.0000
8.8225,1.9908,2.0000
8.8250,1.9907,2.0000
8.8275,1.9907,2.0000
8.8300,1.9906,2.0000
8.8325,1.9906,2.0000
8.8350,1.9905,2.0000
8.8375,1.9905,2.0000
8.8400,1.9904,2.0000
8.8425,1.9904,2.0000
8.8450,1.9903,2.0000
8.8475,1.9903,2.0000
8.8500,1.9902,2.0000
8.8525,1.9901,2.0000
8.8550,1.9901,2.0000
8.8575,1.9900,2.0000
8.8600,1.9900,2.0000
8.8625,1.9899,2.0000
8.8650,1.9899,2.0000
8.8675,1.9898,2.0000
8.8700,1.9898,2.0000
8.8725,1.9897,2.0000
8.8750,1.9897,2.0000
8.8775,1.9896,2.0000
8.8800,1.9896,2.0000
8.8825,1.9895,2.0000
8.8850,1.9895,2.0000
8.8875,1.9895,2.0000
8.8900,1.9894,2.0000
8.8925,1.9894,2.0000
8.8950,1.9893,2.0000
8.8975,1.9893,2.0000
8.9000,1.9892,2.0000
8.9025,1.9892,2.0000
8.9050,1.9891,2.0000
8.9075,1.9891,2.0000
8.9100,1.9890,2.0000
8.9125,1.9890,2.0000
8.9150,1.9890,2.0000
8.9175,1.9889,2.0000
8.9200,1.9889,2.0000
8.9225,1.9888,2.0000
8.9250,1.9888,2.0000
8.9275,1.9888,2.0000
8.9300,1.9887,2.0000
8.9325,1.9887,2.0000
8.9350,1.9886,2.0000
8.9375,1.9886,2.0000
8.9400,1.9886,2.0000
8.9425,1.9885,2.0000
8.9450,1.9885,2.0000
8.9475,1.9884,2.0000
8.9500,1.9884,2.0000
8.9525,1.9884,2.0000
8.9550,1.9883,2.0000
8.9575,1.9883,2.0000
8.9600,1.9883,2.0000
8.9625,1.9882,2.0000
8.9650,1.9882,2.0000
8.9675,1.9882,2.0000
8.9700,1.9881,2.0000
8.9725,1.9881,2.0000
8.9750,1.9881,2.0000
8.9775,1.9880,2.0000
8.9800,1.9880,2.0000
8.9825,1.9880,2.0000
8.9850,1.9879,2.0000
8.9875,1.9879,2.0000
8.9900,1.9879,2.0000
8.9925,1.9878,2.0000
8.9950,1.9878,2.0000
8.9975,1.9878,2.0000
9.0000,1.9878,2.0000
9.0025,1.9877,2.0000
9.0050,1.9877,2.0000
9.0075,1.9877,2.0000
9.0100,1.9876,2.0000
9.0125,1.9876,2.0000
9.0150,1.9876,2.0000
9.0175,1.9876,2.0000
9.0200,1.9875,2.0000
9.0225,1.9875,2.0000
9.0250,1.9875,2.0000
9.0275,1.9875,2.0000
9.0300,1.9874,2.0000
9.0325,1.9874,2.0000
9.0350,1.9874,2.0000
9.0375,1.9874,2.0000
9.0400,1.9873,2.0000
9.0425,1.9873,2.0000
9.0450,1.9873,2.0000
9.0475,1.9873,2.0000
9.0500,1.9873,2.0000
9.0525,1.9872,2.0000
9.0550,1.9872,2.0000
9.0575,1.9872,2.0000
9.0600,1.9872,2.0000
9.0625,1.9872,2.0000
9.0650,1.9871,2.0000
9.0675,1.9871,2.0000
9.0700,1.9871,2.0000
9.0725,1.9871,2.0000
9.0750,1.9871,2.0000
9.0775,1.9871,2.0000
9.0800,1.9870,2.0000
9.0825,1.9870,2.0000
9.0850,1.9870,2.0000
9.0875,1.9870,2.0000
9.0900,1.9870,2.0000
9.0925,1.9870,2.0000
9.0950,1.9870,2.0000
9.0975,1.9869,2.0000
9.1000,1.9869,2.0000
9.1025,1.9869,2.0000
9.1050,1.9869,2.0000
9.1075,1.9869,2.0000
9.1100,1.9869,2.0000
9.1125,1.9869,2.0000
9.1150,1.9869,2.0000
9.1175,1.9869,2.0000
9.1200,1.9869,2.0000
9.1225,1.9868,2.0000
9.1250,1.9868,2.0000
9.1275,1.9868,2.0000
9.1300,1.9868,2.0000
9.1325,1.9868,2.0000
9.1350,1.9868,2.0000
9.1375,1.9868,2.0000
9.1400,1.9868,2.0000
9.1425,1.9868,2.0000
9.1450,1.9868,2.0000
9.1475,1.9868,2.0000
9.1500,1.9868,2.0000
9.1525,1.9868,2.0000
9.1550,1.9868,2.0000
9.1575,1.9868,2.0000
9.1600,1.9868,2.0000
9.1625,1.9868,2.0000
9.1650,1.9868,2.0000
9.1675,1.9868,2.0000
9.1700,1.9868,2.0000
9.1725,1.9868,2.0000
9.1750,1.9868,2.0000
9.1775,1.9868,2.0000
9.1800,1.9868,2.0000
9.1825,1.9868,2.0000
9.1850,1.9868,2.0000
9.1875,1.9868,2.0000
9.1900,1.9868,2.0000
9.1925,1.9868,2.0000
9.1950,1.9868,2.0000
9.1975,1.9868,2.0000
9.2000,1.9868,2.0000
9.2025,1.9868,2.0000
9.2050,1.9868,2.0000
9.2075,1.9868,2.0000
9.2100,1.9868,2.0000
9.2125,1.9868,2.0000
9.2150,1.9868,2.0000
9.2175,1.9868,2.0000
9.2200,1.9868,2.0000
9.2225,1.9868,2.0000
9.2250,1.9868,2.0000
9.2275,1.9868,2.0000
9.2300,1.9868,2.0000
9.2325,1.9869,2.0000
9.2350,1.9869,2.0000
9.2375,1.9869,2.0000
9.2400,1.9869,2.0000
9.2425,1.9869,2.0000
9.2450,1.9869,2.0000
9.2475,1.9869,2.0000
9.2500,1.9869,2.0000
9.2525,1.9869,2.0000
9.2550,1.9869,2.0000
9.2575,1.9870,2.0000
9.2600,1.9870,2.0000
9.2625,1.9870,2.0000
9.2650,1.9870,2.0000
9.2675,1.9870,2.0000
9.2700,1.9870,2.0000
9.2725,1.9870,2.0000
9.2750,1.9871,2.0000
9.2775,1.9871,2.0000
9.2800,1.9871,2.0000
9.2825,1.9871,2.0000
9.2850,1.9871,2.0000
9.2875,1.9871,2.0000
9.2900,1.9871,2.0000
9.2925,1.9872,2.0000
9.2950,1.9872,2.0000
9.2975,1.9872,2.0000
9.3000,1.9872,2.0000
9.3025,1.9872,2.0000
9.3050,1.9873,2.0000
9.3075,1.9873,2.0000
9.3100,1.9873,2.0000
9.3125,1.9873,2.0000
9.3150,1.9873,2.0000
9.3175,1.9874,2.0000
9.3200,1.9874,2.0000
9.3225,1.9874,2.0000
9.3250,1.9874,2.0000
9.3275,1.9874,2.0000
9.3300,1.9875,2.0000
9.3325,1.9875,2.0000
9.3350,1.9875,2.0000
9.3375,1.9875,2.0000
9.3400,1.9876,2.0000
9.3425,1.9876,2.0000
9.3450,1.9876,2.0000
9.3475,1.9876,2.0000
9.3500,1.9877,2.0000
9.3525,1.9877,2.0000
9.3550,1.9877,2.0000
9.3575,1.9877,2.0000
9.3600,1.9878,2.0000
9.3625,1.9878,2.0000
9.3650,1.9878,2.0000
9.3675,1.9878,2.0000
9.3700,1.9879,2.0000
9.3725,1.9879,2.0000
9.3750,1.9879,2.0000
9.3775,1.9879,2.0000
9.3800,1.9880,2.0000
9.3825,1.9880,2.0000
9.3850,1.9880,2.0000
9.3875,1.9881,2.0000
9.3900,1.9881,2.0000
9.3925,1.9881,2.0000
9.3950,1.9882,2.0000
9.3975,1.9882,2.0000
9.4000,1.9882,2.0000
9.4025,1.9882,2.0000
9.4050,1.9883,2.0000
9.4075,1.9883,2.0000
9.4100,1.9883,2.0000
9.4125,1.9884,2.0000
9.4150,1.9884,2.0000
9.4175,1.9884,2.0000
9.4200,1.9885,2.0000
9.4225,1.9885,2.0000
9.4250,1.9885,2.0000
9.4275,1.9886,2.0000
9.4300,1.9886,2.0000
9.4325,1.9886,2.0000
9.4350,1.9887,2.0000
9.4375,1.9887,2.0000
9.4400,1.9888,2.0000
9.4425,1.9888,2.0000
9.4450,1.9888,2.0000
9.4475,1.9889,2.0000
9.4500,1.9889,2.0000
9.4525,1.9889,2.0000
9.4550,1.9890,2.0000
9.4575,1.9890,2.0000
9.4600,1.9890,2.0000
9.4625,1.9891,2.0000
9.4650,1.9891,2.0000
9.4675,1.9892,2.0000
9.4700,1.9892,2.0000
9.4725,1.9892,2.0000
9.4750,1.9893,2.0000
9.4775,1.9893,2.0000
9.4800,1.9894,2.0000
9.4825,1.9894,2.0000
9.4850,1.9894,2.0000
9.4875,1.9895,2.0000
9.4900,1.9895,2.0000
9.4925,1.9896,2.0000
9.4950,1.9896,2.0000
9.4975,1.9896,2.0000
9.5000,1.9897,2.0000
9.5025,1.9897,2.0000
9.5050,1.9898,2.0000
9.5075,1.9898,2.0000
9.5100,1.9898,2.0000
9.5125,1.9899,2.0000
9.5150,1.9899,2.0000
9.5175,1.9900,2.0000
9.5200,1.9900,2.0000
9.5225,1.9901,2.0000
9.5250,1.9901,2.0000
9.5275,1.9902,2.0000
9.5300,1.9902,2.0000
9.5325,1.9902,2.0000
9.5350,1.9903,2.0000
9.5375,1.9903,2.0000
9.5400,1.9904,2.0000
9.5425,1.9904,2.0000
9.5450,1.9905,2.0000
9.5475,1.9905,2.0000
9.5500,1.9906,2.0000
9.5525,1.9906,2.0000
9.5550,1.9906,2.0000
9.5575,1.9907,2.0000
9.5600,1.9907,2.0000
9.5625,1.9908,2.0000
9.5650,1.9908,2.0000
9.5675,1.9909,2.0000
9.5700,1.9909,2.0000
9.5725,1.9910,2.0000
9.5750,1.9910,2.0000
9.5775,1.9911,2.0000
9.5800,1.9911,2.0000
9.5825,1.9912,2.0000
9.5850,1.9912,2.0000
9.5875,1.9913,2.0000
9.5900,1.9913,2.0000
9.5925,1.9914,2.0000
9.5950,1.9914,2.0000
9.5975,1.9915,2.0000
9.6000,1.9915,2.0000
9.6025,1.9916,2.0000
9.6050,1.9916,2.0000
9.6075,1.9917,2.0000
9.6100,1.9917,2.0000
9.6125,1.9918,2.0000
9.6150,1.9918,2.0000
9.6175,1.9919,2.0000
9.6200,1.9919,2.0000
9.6225,1.9920,2.0000
9.6250,1.9920,2.0000
9.6275,1.9921,2.0000
9.6300,1.9921,2.0000
9.6325,1.9922,2.0000
9.6350,1.9922,2.0000
9.6375,1.9923,2.0000
9.6400,1.9923,2.0000
9.6425,1.9924,2.0000
9.6450,1.9924,2.0000
9.6475,1.9925,2.0000
9.6500,1.9925,2.0000
9.6525,1.9926,2.0000
9.6550,1.9926,2.0000
9.6575,1.9927,2.0000
9.6600,1.9927,2.0000
9.6625,1.9928,2.0000
9.6650,1.9928,2.0000
9.6675,1.9929,2.0000
9.6700,1.9930,2.0000
9.6725,1.9930,2.0000
9.6750,1.9931,2.0000
9.6775,1.9931,2.0000
9.6800,1.9932,2.0000
9.6825,1.9932,2.0000
9.6850,1.9933,2.0000
9.6875,1.9933,2.0000
9.6900,1.9934,2.0000
9.6925,1.9934,2.0000
9.6950,1.9935,2.0000
9.6975,1.9935,2.0000
9.7000,1.9936,2.0000
9.7025,1.9936,2.0000
9.7050,1.9937,2.0000
9.7075,1.9938,2.0000
9.7100,1.9938,2.0000
9.7125,1.9939,2.0000
9.7150,1.9939,2.0000
9.7175,1.9940,2.0000
9.7200,1.9940,2.0000
9.7225,1.9941,2.0000
9.7250,1.9941,2.0000
9.7275,1.9942,2.0000
9.7300,1.9943,2.0000
9.7325,1.9943,2.0000
9.7350,1.9944,2.0000
9.7375,1.9944,2.0000
9.7400,1.9945,2.0000
9.7425,1.9945,2.0000
9.7450,1.9946,2.0000
9.7475,1.9946,2.0000
9.7500,1.9947,2.0000
9.7525,1.9948,2.0000
9.7550,1.9948,2.0000
9.7575,1.9949,2.0000
9.7600,1.9949,2.0000
9.7625,1.9950,2.0000
9.7650,1.9950,2.0000
9.7675,1.9951,2.0000
9.7700,1.9951,2.0000
9.7725,1.9952,2.0000
9.7750,1.9953,2.0000
9.7775,1.9953,2.0000
9.7800,1.9954,2.0000
9.7825,1.9954,2.0000
9.7850,1.9955,2.0000
9.7875,1.9955,2.0000
9.7900,1.9956,2.0000
9.7925,1.9957,2.0000
9.7950,1.9957,2.0000
9.7975,1.9958,2.0000
9.8000,1.9958,2.0000
9.8025,1.9959,2.0000
9.8050,1.9959,2.0000
9.8075,1.9960,2.0000
9.8100,1.9960,2.0000
9.8125,1.9961,2.0000
9.8150,1.9962,2.0000
9.8175,1.9962,2.0000
9.8200,1.9963,2.0000
9.8225,1.9963,2.0000
9.8250,1.9964,2.0000
9.8275,1.9964,2.0000
9.8300,1.9965,2.0000
9.8325,1.9966,2.0000
9.8350,1.9966,2.0000
9.8375,1.9967,2.0000
9.8400,1.9967,2.0000
9.8425,1.9968,2.0000
9.8450,1.9968,2.0000
9.8475,1.9969,2.0000
9.8500,1.9969,2.0000
9.8525,1.9970,2.0000
9.8550,1.9971,2.0000
9.8575,1.9971,2.0000
9.8600,1.9972,2.0000
9.8625,1.9972,2.0000
9.8650,1.9973,2.0000
9.8675,1.9973,2.0000
9.8700,1.9974,2.0000
9.8725,1.9975,2.0000
9.8750,1.9975,2.0000
9.8775,1.9976,2.0000
9.8800,1.9976,2.0000
9.8825,1.9977,2.0000
9.8850,1.9977,2.0000
9.8875,1.9978,2.0000
9.8900,1.9978,2.0000
9.8925,1.9979,2.0000
9.8950,1.9980,2.0000
9.8975,1.9980,2.0000
9.9000,1.9981,2.0000
9.9025,1.9981,2.0000
9.9050,1.9982,2.0000
9.9075,1.9982,2.0000
9.9100,1.9983,2.0000
9.9125,1.9983,2.0000
9.9150,1.9984,2.0000
9.9175,1.9985,2.0000
9.9200,1.9985,2.0000
9.9225,1.9986,2.0000
9.9250,1.9986,2.0000
9.9275,1.9987,2.0000
9.9300,1.9987,2.0000
9.9325,1.9988,2.0000
9.9350,1.9988,2.0000
9.9375,1.9989,2.0000
9.9400,1.9990,2.0000
9.9425,1.9990,2.0000
9.9450,1.9991,2.0000
9.9475,1.9991,2.0000
9.9500,1.9992,2.0000
9.9525,1.9992,2.0000
9.9550,1.9993,2.0000
9.9575,1.9993,2.0000
9.9600,1.9994,2.0000
9.9625,1.9994,2.0000
9.9650,1.9995,2.0000
9.9675,1.9996,2.0000
9.9700,1.9996,2.0000
9.9725,1.9997,2.0000
9.9750,1.9997,2.0000
9.9775,1.9998,2.0000
9.9800,1.9998,2.0000
9.9825,1.9999,2.0000
9.9850,1.9999,2.0000
9.9875,2.0000,2.0000
9.9900,2.0000,2.0000
9.9925,2.0001,2.0000
9.9950,2.0001,2.0000
9.9975,2.0002,2.0000
